input;expected_output;expected_json
"""[{\""role\"": \""user\"", \""content\"": \""[{\\""type\\"":\\""POWER_METER_SWITCH\\"",\\""name\\"":\\""Zwischenstecker\\"",\\""deviceID\\"":\\""hdm:HomeMaticIP:3014F711A000049878593469\\"",\\""state\\"":[{\\""id\\"":\\""PowerMeter\\"",\\""state\\"":{\\""powerConsumption\\"":0,\\""energyConsumption\\"":0}},{\\""id\\"":\\""PowerSwitch\\"",\\""state\\"":{\\""switchState\\"":\\""OFF\\""}}],\\""room\\"":\\""Schlafzimmer\\""},{\\""type\\"":\\""SHUTTER_CONTACT\\"",\\""name\\"":\\""Fenster Esszimmer\\"",\\""deviceID\\"":\\""hdm:HomeMaticIP:3014F711A000009A1858FA5C\\"",\\""state\\"":[{\\""id\\"":\\""ShutterContact\\"",\\""state\\"":{\\""contactState\\"":\\""CLOSED\\""}}],\\""room\\"":\\""Wohnzimmer\\""},{\\""type\\"":\\""RADIATOR_THERMOSTAT\\"",\\""name\\"":\\""Heizkörper-Thermostat\\"",\\""deviceID\\"":\\""hdm:HomeMaticIP:3014F711A0000055385A0CF1\\"",\\""state\\"":[{\\""id\\"":\\""ValveTappet\\"",\\""state\\"":{\\""valvePosition\\"":0}},{\\""id\\"":\\""Thermostat\\"",\\""state\\"":{\\""childLock\\"":\\""OFF\\""}},{\\""id\\"":\\""TemperatureLevel\\"",\\""state\\"":{\\""temperature\\"":27.5}}],\\""room\\"":\\""Schlafzimmer\\""},{\\""type\\"":\\""ROOM_CLIMATE_CONTROL\\"",\\""name\\"":\\""-RoomClimateControl-\\"",\\""deviceID\\"":\\""roomClimateControl_hz_2\\"",\\""state\\"":[{\\""id\\"":\\""RoomClimateControl\\"",\\""state\\"":{\\""operationMode\\"":\\""AUTOMATIC\\"",\\""setpointTemperature\\"":17}},{\\""id\\"":\\""TemperatureLevel\\"",\\""state\\"":{\\""temperature\\"":27.5}}],\\""room\\"":\\""Schlafzimmer\\""}]\""}, {\""role\"": \""user\"", \""content\"": \""hello\""}]""";Hello, I'm SHBot. How can I help you with your smart home?;None
"""[{\""role\"": \""user\"", \""content\"": \""[{\\""type\\"":\\""POWER_METER_SWITCH\\"",\\""name\\"":\\""Zwischenstecker\\"",\\""deviceID\\"":\\""hdm:HomeMaticIP:3014F711A000049878593469\\"",\\""state\\"":[{\\""id\\"":\\""PowerMeter\\"",\\""state\\"":{\\""powerConsumption\\"":0,\\""energyConsumption\\"":0}},{\\""id\\"":\\""PowerSwitch\\"",\\""state\\"":{\\""switchState\\"":\\""OFF\\""}}],\\""room\\"":\\""Schlafzimmer\\""}]\""}, {\""role\"": \""user\"", \""content\"": \""Turn on the Zwischenstecker, please.\""}]""";The Zwischenstecker in your bedroom is now on.;"{""action"": ""turn-on"", ""deviceID"": ""hdm:HomeMaticIP:3014F711A000049878593469""}"
"""[{\""role\"":\""user\"",\""content\"":\""[{\\""type\\"":\\""POWER_METER_SWITCH\\"",\\""name\\"":\\""Zwischenstecker\\"",\\""deviceID\\"":\\""hdm:HomeMaticIP:3014F711A000049878593469\\"",\\""state\\"":[{\\""id\\"":\\""PowerMeter\\"",\\""state\\"":{\\""powerConsumption\\"":0,\\""energyConsumption\\"":0}},{\\""id\\"":\\""PowerSwitch\\"",\\""state\\"":{\\""switchState\\"":\\""OFF\\""}}],\\""room\\"":\\""Schlafzimmer\\""}]\""},{\""role\"":\""user\"",\""content\"":\""Is my Zwischenstecker on?\""}]""";No, your Zwischenstecker is currently turned off.;None
"""[{\""role\"":\""user\"",\""content\"":\""[{\\""type\\"":\\""POWER_METER_SWITCH\\"",\\""name\\"":\\""Küchensteckdose\\"",\\""deviceID\\"":\\""hdm:HomeMaticIP:3014F711A000049878593471\\"",\\""state\\"":[{\\""id\\"":\\""PowerMeter\\"",\\""state\\"":{\\""powerConsumption\\"":5,\\""energyConsumption\\"":20}},{\\""id\\"":\\""PowerSwitch\\"",\\""state\\"":{\\""switchState\\"":\\""ON\\""}}],\\""room\\"":\\""Küche\\""},{\\""type\\"":\\""SHUTTER_CONTACT\\"",\\""name\\"":\\""Haustürkontakt\\"",\\""deviceID\\"":\\""hdm:HomeMaticIP:3014F711A000009A1858FA5E\\"",\\""state\\"":[{\\""id\\"":\\""ShutterContact\\"",\\""state\\"":{\\""contactState\\"":\\""OPEN\\""}}],\\""room\\"":\\""Eingangsbereich\\""},{\\""type\\"":\\""RADIATOR_THERMOSTAT\\"",\\""name\\"":\\""Büro-Thermostat\\"",\\""deviceID\\"":\\""hdm:HomeMaticIP:3014F711A0000055385A0CF3\\"",\\""state\\"":[{\\""id\\"":\\""ValveTappet\\"",\\""state\\"":{\\""valvePosition\\"":10}},{\\""id\\"":\\""Thermostat\\"",\\""state\\"":{\\""childLock\\"":\\""OFF\\""}},{\\""id\\"":\\""TemperatureLevel\\"",\\""state\\"":{\\""temperature\\"":23.0}}],\\""room\\"":\\""Büro\\""},{\\""type\\"":\\""ROOM_CLIMATE_CONTROL\\"",\\""name\\"":\\""Raumklimakontrolle-Büro\\"",\\""deviceID\\"":\\""roomClimateControl_buero_1\\"",\\""state\\"":[{\\""id\\"":\\""RoomClimateControl\\"",\\""state\\"":{\\""operationMode\\"":\\""AUTOMATIC\\"",\\""setpointTemperature\\"":21.0}},{\\""id\\"":\\""TemperatureLevel\\"",\\""state\\"":{\\""temperature\\"":23.0}}],\\""room\\"":\\""Büro\\""}]\""},{\""role\"":\""user\"",\""content\"":\""What's the current power consumption of the Küchensteckdose?\""}]""";The current power consumption of the Küchensteckdose in the kitchen is 5W.;None
"""[{\""role\"": \""user\"", \""content\"": \""[{\\""type\\"":\\""POWER_METER_SWITCH\\"",\\""name\\"":\\""Wohnzimmerlampe\\"",\\""deviceID\\"":\\""hdm:HomeMaticIP:3014F711A000049878593472\\"",\\""state\\"":[{\\""id\\"":\\""PowerMeter\\"",\\""state\\"":{\\""powerConsumption\\"":15,\\""energyConsumption\\"":45}},{\\""id\\"":\\""PowerSwitch\\"",\\""state\\"":{\\""switchState\\"":\\""ON\\""}}],\\""room\\"":\\""Wohnzimmer\\""}]\""}, {\""role\"": \""user\"", \""content\"": \""Can you turn on the Wohnzimmerlampe?\""}]""";The Wohnzimmerlampe is already turned on. No need to switch it on.;None
"""[{\""role\"": \""user\"", \""content\"": \""[{\\""type\\"":\\""ROOM_CLIMATE_CONTROL\\"",\\""name\\"":\\""Raumklimakontrolle-Schlafzimmer\\"",\\""deviceID\\"":\\""roomClimateControl_schlafzimmer_1\\"",\\""state\\"":[{\\""id\\"":\\""RoomClimateControl\\"",\\""state\\"":{\\""operationMode\\"":\\""AUTOMATIC\\"",\\""setpointTemperature\\"":18.0}},{\\""id\\"":\\""TemperatureLevel\\"",\\""state\\"":{\\""temperature\\"":19.0}}],\\""room\\"":\\""Schlafzimmer\\""}]\""}, {\""role\"": \""user\"", \""content\"": \""What is the temperature in the Schlafzimmer?\""}]""";The current temperature in the Schlafzimmer is 19.0 degrees Celsius.;None
"""[{\""role\"": \""user\"", \""content\"": \""[{\\""type\\"":\\""ROOM_CLIMATE_CONTROL\\"",\\""name\\"":\\""Raumklimakontrolle-Schlafzimmer\\"",\\""deviceID\\"":\\""roomClimateControl_schlafzimmer_1\\"",\\""state\\"":[{\\""id\\"":\\""RoomClimateControl\\"",\\""state\\"":{\\""operationMode\\"":\\""AUTOMATIC\\"",\\""setpointTemperature\\"":18.0}},{\\""id\\"":\\""TemperatureLevel\\"",\\""state\\"":{\\""temperature\\"":19.0}}],\\""room\\"":\\""Schlafzimmer\\""}]\""}, {\""role\"": \""user\"", \""content\"": \""What is the temperature set to in the Schlafzimmer?\""}]""";The temperature in the Schlafzimmer is set to 18.0 degrees Celsius.;None
"""[{\""role\"": \""user\"", \""content\"": \""[{\\""type\\"":\\""ROOM_CLIMATE_CONTROL\\"",\\""name\\"":\\""Raumklimakontrolle-Schlafzimmer\\"",\\""deviceID\\"":\\""roomClimateControl_schlafzimmer_1\\"",\\""state\\"":[{\\""id\\"":\\""RoomClimateControl\\"",\\""state\\"":{\\""operationMode\\"":\\""AUTOMATIC\\"",\\""setpointTemperature\\"":18.0}},{\\""id\\"":\\""TemperatureLevel\\"",\\""state\\"":{\\""temperature\\"":19.0}}],\\""room\\"":\\""Schlafzimmer\\""}]\""}, {\""role\"": \""user\"", \""content\"": \""What is the temperature set to and the current temperature in the Schlafzimmer?\""}]""";The temperature in the Schlafzimmer is set to 18.0 degrees Celsius and the current temperature is 19.0 degrees Celsius.;None
"""[{\""role\"": \""user\"", \""content\"": \""[{\\""type\\"":\\""ROOM_CLIMATE_CONTROL\\"",\\""name\\"":\\""Raumklimakontrolle-Schlafzimmer\\"",\\""deviceID\\"":\\""roomClimateControl_schlafzimmer_1\\"",\\""state\\"":[{\\""id\\"":\\""RoomClimateControl\\"",\\""state\\"":{\\""operationMode\\"":\\""AUTOMATIC\\"",\\""setpointTemperature\\"":18.0}},{\\""id\\"":\\""TemperatureLevel\\"",\\""state\\"":{\\""temperature\\"":19.0}}],\\""room\\"":\\""Schlafzimmer\\""}]\""}, {\""role\"": \""user\"", \""content\"": \""What is the temperature in the Küche?\""}]""";I'm sorry, but there are no temperature sensors available in the Küche.;None
"""[{\""role\"": \""user\"", \""content\"": \""[{\\""type\\"":\\""POWER_METER_SWITCH\\"",\\""name\\"":\\""Küchensteckdose\\"",\\""deviceID\\"":\\""hdm:HomeMaticIP:3014F711A000049878593471\\"",\\""state\\"":[{\\""id\\"":\\""PowerMeter\\"",\\""state\\"":{\\""powerConsumption\\"":5,\\""energyConsumption\\"":20}},{\\""id\\"":\\""PowerSwitch\\"",\\""state\\"":{\\""switchState\\"":\\""ON\\""}}],\\""room\\"":\\""Küche\\""},{\\""type\\"":\\""SHUTTER_CONTACT\\"",\\""name\\"":\\""Haustürkontakt\\"",\\""deviceID\\"":\\""hdm:HomeMaticIP:3014F711A000009A1858FA5E\\"",\\""state\\"":[{\\""id\\"":\\""ShutterContact\\"",\\""state\\"":{\\""contactState\\"":\\""OPEN\\""}}],\\""room\\"":\\""Eingangsbereich\\""},{\\""type\\"":\\""RADIATOR_THERMOSTAT\\"",\\""name\\"":\\""Büro-Thermostat\\"",\\""deviceID\\"":\\""hdm:HomeMaticIP:3014F711A0000055385A0CF3\\"",\\""state\\"":[{\\""id\\"":\\""ValveTappet\\"",\\""state\\"":{\\""valvePosition\\"":10}},{\\""id\\"":\\""Thermostat\\"",\\""state\\"":{\\""childLock\\"":\\""OFF\\""}},{\\""id\\"":\\""TemperatureLevel\\"",\\""state\\"":{\\""temperature\\"":23.0}}],\\""room\\"":\\""Büro\\""},{\\""type\\"":\\""ROOM_CLIMATE_CONTROL\\"",\\""name\\"":\\""Raumklimakontrolle-Büro\\"",\\""deviceID\\"":\\""roomClimateControl_buero_1\\"",\\""state\\"":[{\\""id\\"":\\""RoomClimateControl\\"",\\""state\\"":{\\""operationMode\\"":\\""AUTOMATIC\\"",\\""setpointTemperature\\"":21.0}},{\\""id\\"":\\""TemperatureLevel\\"",\\""state\\"":{\\""temperature\\"":23.0}}],\\""room\\"":\\""Büro\\""}]\""}, {\""role\"": \""user\"", \""content\"": \""Ändere die Temperatur im Büro auf 22.\""}]""";Die Temperatur im Büro wurde auf 22°C geändert.;"{""action"": ""change-temperature"", ""value"": ""22"", ""deviceID"": ""roomClimateControl_buero_1""}"
"""[{\""role\"": \""user\"", \""content\"": \""[{\\""type\\"":\\""ROOM_CLIMATE_CONTROL\\"",\\""name\\"":\\""Raumklimakontrolle-Schlafzimmer\\"",\\""deviceID\\"":\\""roomClimateControl_schlafzimmer_1\\"",\\""state\\"":[{\\""id\\"":\\""RoomClimateControl\\"",\\""state\\"":{\\""operationMode\\"":\\""AUTOMATIC\\"",\\""setpointTemperature\\"":18.0}},{\\""id\\"":\\""TemperatureLevel\\"",\\""state\\"":{\\""temperature\\"":19.0}}],\\""room\\"":\\""Schlafzimmer\\""}]\""}, {\""role\"": \""user\"", \""content\"": \""Auf welche Temperatur ist das Schlafzimmer eingestellt?\""}]""";Die Temperatur im Schlafzimmer ist auf 18,0 Grad Celsius eingestellt.;None
"""[{\""role\"": \""user\"", \""content\"": \""[{\\""type\\"":\\""ROOM_CLIMATE_CONTROL\\"",\\""name\\"":\\""Raumklimakontrolle-Schlafzimmer\\"",\\""deviceID\\"":\\""roomClimateControl_schlafzimmer_1\\"",\\""state\\"":[{\\""id\\"":\\""RoomClimateControl\\"",\\""state\\"":{\\""operationMode\\"":\\""AUTOMATIC\\"",\\""setpointTemperature\\"":18.0}},{\\""id\\"":\\""TemperatureLevel\\"",\\""state\\"":{\\""temperature\\"":19.0}}],\\""room\\"":\\""Schlafzimmer\\""}]\""}, {\""role\"": \""user\"", \""content\"": \""Auf welche Temperatur ist das Schlafzimmer eingestellt und wie hoch ist die aktuelle Temperatur?\""}]""";Die Temperatur im Schlafzimmer ist auf 18,0 Grad Celsius eingestellt und die aktuelle Temperatur beträgt 19,0 Grad Celsius.;None
"""[{\""role\"": \""user\"", \""content\"": \""[{\\""type\\"":\\""ROOM_CLIMATE_CONTROL\\"",\\""name\\"":\\""Raumklimakontrolle-Schlafzimmer\\"",\\""deviceID\\"":\\""roomClimateControl_schlafzimmer_1\\"",\\""state\\"":[{\\""id\\"":\\""RoomClimateControl\\"",\\""state\\"":{\\""operationMode\\"":\\""AUTOMATIC\\"",\\""setpointTemperature\\"":18.0}},{\\""id\\"":\\""TemperatureLevel\\"",\\""state\\"":{\\""temperature\\"":19.0}}],\\""room\\"":\\""Schlafzimmer\\""}]\""}, {\""role\"": \""user\"", \""content\"": \""Wie hoch ist die Temperatur in der Küche?\""}]""";Es tut mir leid, aber es sind keine Temperatursensoren in der Küche verfügbar.;None
"""[{\""role\"": \""user\"", \""content\"": \""[{\\""type\\"":\\""SHUTTER_CONTACT\\"",\\""name\\"":\\""Terrassentürkontakt\\"",\\""deviceID\\"":\\""hdm:HomeMaticIP:3014F711A000009A1858FA5F\\"",\\""state\\"":[{\\""id\\"":\\""ShutterContact\\"",\\""state\\"":{\\""contactState\\"":\\""CLOSED\\""}}],\\""room\\"":\\""Wohnzimmer\\""}]\""}, {\""role\"": \""user\"", \""content\"": \""Is the Terrassentürkontakt open?\""}]""";No, the Terrassentürkontakt in the living room is currently closed.;None
"""[{\""role\"": \""user\"", \""content\"": \""[{\\""type\\"":\\""SHUTTER_CONTACT\\"",\\""name\\"":\\""Terrassentürkontakt\\"",\\""deviceID\\"":\\""hdm:HomeMaticIP:3014F711A000009A1858FA5F\\"",\\""state\\"":[{\\""id\\"":\\""ShutterContact\\"",\\""state\\"":{\\""contactState\\"":\\""CLOSED\\""}}],\\""room\\"":\\""Wohnzimmer\\""},{\\""type\\"":\\""POWER_METER_SWITCH\\"",\\""name\\"":\\""Wohnzimmerlampe\\"",\\""deviceID\\"":\\""hdm:HomeMaticIP:3014F711A000049878593472\\"",\\""state\\"":[{\\""id\\"":\\""PowerMeter\\"",\\""state\\"":{\\""powerConsumption\\"":15,\\""energyConsumption\\"":45}},{\\""id\\"":\\""PowerSwitch\\"",\\""state\\"":{\\""switchState\\"":\\""ON\\""}}],\\""room\\"":\\""Wohnzimmer\\""},{\\""type\\"":\\""RADIATOR_THERMOSTAT\\"",\\""name\\"":\\""Schlafzimmer-Thermostat\\"",\\""deviceID\\"":\\""hdm:HomeMaticIP:3014F711A0000055385A0CF4\\"",\\""state\\"":[{\\""id\\"":\\""ValveTappet\\"",\\""state\\"":{\\""valvePosition\\"":0}},{\\""id\\"":\\""Thermostat\\"",\\""state\\"":{\\""childLock\\"":\\""OFF\\""}},{\\""id\\"":\\""TemperatureLevel\\"",\\""state\\"":{\\""temperature\\"":19.0}}],\\""room\\"":\\""Schlafzimmer\\""},{\\""type\\"":\\""ROOM_CLIMATE_CONTROL\\"",\\""name\\"":\\""Raumklimakontrolle-Schlafzimmer\\"",\\""deviceID\\"":\\""roomClimateControl_schlafzimmer_1\\"",\\""state\\"":[{\\""id\\"":\\""RoomClimateControl\\"",\\""state\\"":{\\""operationMode\\"":\\""AUTOMATIC\\"",\\""setpointTemperature\\"":18.0}},{\\""id\\"":\\""TemperatureLevel\\"",\\""state\\"":{\\""temperature\\"":19.0}}],\\""room\\"":\\""Schlafzimmer\\""},{\\""type\\"":\\""POWER_METER_SWITCH\\"",\\""name\\"":\\""Schlafzimmer-Ventilator\\"",\\""deviceID\\"":\\""hdm:HomeMaticIP:3014F711A000049878593473\\"",\\""state\\"":[{\\""id\\"":\\""PowerMeter\\"",\\""state\\"":{\\""powerConsumption\\"":30,\\""energyConsumption\\"":100}},{\\""id\\"":\\""PowerSwitch\\"",\\""state\\"":{\\""switchState\\"":\\""OFF\\""}}],\\""room\\"":\\""Schlafzimmer\\""}]\""}, {\""role\"": \""user\"", \""content\"": \""What devices are in the Küche?\""}]""";"I can neither find the ""Küche"" room nor any appliances in this room.";None
"""[{\""role\"": \""user\"", \""content\"": \""[{\\""type\\"":\\""RADIATOR_THERMOSTAT\\"",\\""name\\"":\\""Küchenthermostat\\"",\\""deviceID\\"":\\""hdm:HomeMaticIP:3014F711A0000055385A0CF5\\"",\\""state\\"":[{\\""id\\"":\\""ValveTappet\\"",\\""state\\"":{\\""valvePosition\\"":20}},{\\""id\\"":\\""Thermostat\\"",\\""state\\"":{\\""childLock\\"":\\""OFF\\""}},{\\""id\\"":\\""TemperatureLevel\\"",\\""state\\"":{\\""temperature\\"":22.0}}],\\""room\\"":\\""Küche\\""},{\\""type\\"":\\""ROOM_CLIMATE_CONTROL\\"",\\""name\\"":\\""Raumklimakontrolle-Küche\\"",\\""deviceID\\"":\\""roomClimateControl_kueche_1\\"",\\""state\\"":[{\\""id\\"":\\""RoomClimateControl\\"",\\""state\\"":{\\""operationMode\\"":\\""AUTOMATIC\\"",\\""setpointTemperature\\"":20.0}},{\\""id\\"":\\""TemperatureLevel\\"",\\""state\\"":{\\""temperature\\"":22.0}}],\\""room\\"":\\""Küche\\""},{\\""type\\"":\\""POWER_METER_SWITCH\\"",\\""name\\"":\\""Kaffeemaschine\\"",\\""deviceID\\"":\\""hdm:HomeMaticIP:3014F711A000049878593474\\"",\\""state\\"":[{\\""id\\"":\\""PowerMeter\\"",\\""state\\"":{\\""powerConsumption\\"":60,\\""energyConsumption\\"":120}},{\\""id\\"":\\""PowerSwitch\\"",\\""state\\"":{\\""switchState\\"":\\""OFF\\""}}],\\""room\\"":\\""Küche\\""},{\\""type\\"":\\""SHUTTER_CONTACT\\"",\\""name\\"":\\""Garagentor-Kontakt\\"",\\""deviceID\\"":\\""hdm:HomeMaticIP:3014F711A000009A1858FA5G\\"",\\""state\\"":[{\\""id\\"":\\""ShutterContact\\"",\\""state\\"":{\\""contactState\\"":\\""OPEN\\""}}],\\""room\\"":\\""Garage\\""}]\""}, {\""role\"": \""user\"", \""content\"": \""What devices are in the Küche?\""}]""";The devices in the Küche are the Küchenthermostat and the Kaffeemaschine.;None
"""[{\""role\"": \""user\"", \""content\"": \""[{\\""type\\"":\\""RADIATOR_THERMOSTAT\\"",\\""name\\"":\\""Living Room Thermostat\\"",\\""deviceID\\"":\\""hdm:HomeMaticIP:3014F711A0000055385A0CF1\\"",\\""state\\"":[{\\""id\\"":\\""ValveTappet\\"",\\""state\\"":{\\""valvePosition\\"":0}},{\\""id\\"":\\""Thermostat\\"",\\""state\\"":{\\""childLock\\"":\\""OFF\\""}},{\\""id\\"":\\""TemperatureLevel\\"",\\""state\\"":{\\""temperature\\"":21.0}}],\\""room\\"":\\""Living Room\\""},{\\""type\\"":\\""RADIATOR_THERMOSTAT\\"",\\""name\\"":\\""Bedroom Thermostat\\"",\\""deviceID\\"":\\""hdm:HomeMaticIP:3014F711A0000055385A0CF2\\"",\\""state\\"":[{\\""id\\"":\\""ValveTappet\\"",\\""state\\"":{\\""valvePosition\\"":0}},{\\""id\\"":\\""Thermostat\\"",\\""state\\"":{\\""childLock\\"":\\""OFF\\""}},{\\""id\\"":\\""TemperatureLevel\\"",\\""state\\"":{\\""temperature\\"":22.5}}],\\""room\\"":\\""Bedroom\\""},{\\""type\\"":\\""ROOM_CLIMATE_CONTROL\\"",\\""name\\"":\\""RoomClimateControl-Living Room\\"",\\""deviceID\\"":\\""roomClimateControl_lr_1\\"",\\""state\\"":[{\\""id\\"":\\""RoomClimateControl\\"",\\""state\\"":{\\""operationMode\\"":\\""AUTOMATIC\\"",\\""setpointTemperature\\"":20.0}},{\\""id\\"":\\""TemperatureLevel\\"",\\""state\\"":{\\""temperature\\"":21.5}}],\\""room\\"":\\""Living Room\\""},{\\""type\\"":\\""ROOM_CLIMATE_CONTROL\\"",\\""name\\"":\\""RoomClimateControl-Bedroom\\"",\\""deviceID\\"":\\""roomClimateControl_br_1\\"",\\""state\\"":[{\\""id\\"":\\""RoomClimateControl\\"",\\""state\\"":{\\""operationMode\\"":\\""AUTOMATIC\\"",\\""setpointTemperature\\"":18.0}},{\\""id\\"":\\""TemperatureLevel\\"",\\""state\\"":{\\""temperature\\"":22.0}}],\\""room\\"":\\""Bedroom\\""}]\""},{\""role\"": \""user\"", \""content\"": \""Show me the status of all thermostats.\""}]""";The thermostats' statuses are as follows: - Living Room Thermostat: 21.0°C - Bedroom Thermostat: 22.5°C;None
"""[{\""role\"": \""user\"", \""content\"": \""[{\\""type\\"":\\""RADIATOR_THERMOSTAT\\"",\\""name\\"":\\""Living Room Thermostat 1\\"",\\""deviceID\\"":\\""hdm:HomeMaticIP:3014F711A0000055385A0CF1\\"",\\""state\\"":[{\\""id\\"":\\""ValveTappet\\"",\\""state\\"":{\\""valvePosition\\"":0}},{\\""id\\"":\\""Thermostat\\"",\\""state\\"":{\\""childLock\\"":\\""OFF\\""}},{\\""id\\"":\\""TemperatureLevel\\"",\\""state\\"":{\\""temperature\\"":21.0}}],\\""room\\"":\\""Living Room\\""},{\\""type\\"":\\""RADIATOR_THERMOSTAT\\"",\\""name\\"":\\""Living Room Thermostat 2\\"",\\""deviceID\\"":\\""hdm:HomeMaticIP:3014F711A0000055385A0CF2\\"",\\""state\\"":[{\\""id\\"":\\""ValveTappet\\"",\\""state\\"":{\\""valvePosition\\"":0}},{\\""id\\"":\\""Thermostat\\"",\\""state\\"":{\\""childLock\\"":\\""OFF\\""}},{\\""id\\"":\\""TemperatureLevel\\"",\\""state\\"":{\\""temperature\\"":22.5}}],\\""room\\"":\\""Living Room\\""},{\\""type\\"":\\""ROOM_CLIMATE_CONTROL\\"",\\""name\\"":\\""RoomClimateControl-Living Room\\"",\\""deviceID\\"":\\""roomClimateControl_lr_1\\"",\\""state\\"":[{\\""id\\"":\\""RoomClimateControl\\"",\\""state\\"":{\\""operationMode\\"":\\""AUTOMATIC\\"",\\""setpointTemperature\\"":20.0}},{\\""id\\"":\\""TemperatureLevel\\"",\\""state\\"":{\\""temperature\\"":22.0}}],\\""room\\"":\\""Living Room\\""}]\""},{\""role\"": \""user\"", \""content\"": \""Show me the status of all thermostats.\""}]""";The thermostats' statuses are as follows: - Living Room Thermostat 1: 21.0°C - Living Room Thermostat 2: 22.5°C;None
"""[{\""role\"": \""user\"", \""content\"": \""[{\\""type\\"":\\""SHUTTER_CONTACT\\"",\\""name\\"":\\""Terrassentürkontakt\\"",\\""deviceID\\"":\\""hdm:HomeMaticIP:3014F711A000009A1858FA5F\\"",\\""state\\"":[{\\""id\\"":\\""ShutterContact\\"",\\""state\\"":{\\""contactState\\"":\\""CLOSED\\""}}],\\""room\\"":\\""Wohnzimmer\\""}]\""}, {\""role\"": \""user\"", \""content\"": \""Is the Terrassentürkontakt open?\""}]""";Nein, der Terrassentürkontakt im Wohnzimmer ist momentan geschlossen.;None
"""[{\""role\"": \""user\"", \""content\"": \""[{\\""type\\"":\\""SHUTTER_CONTACT\\"",\\""name\\"":\\""Terrassentürkontakt\\"",\\""deviceID\\"":\\""hdm:HomeMaticIP:3014F711A000009A1858FA5F\\"",\\""state\\"":[{\\""id\\"":\\""ShutterContact\\"",\\""state\\"":{\\""contactState\\"":\\""CLOSED\\""}}],\\""room\\"":\\""Wohnzimmer\\""},{\\""type\\"":\\""POWER_METER_SWITCH\\"",\\""name\\"":\\""Wohnzimmerlampe\\"",\\""deviceID\\"":\\""hdm:HomeMaticIP:3014F711A000049878593472\\"",\\""state\\"":[{\\""id\\"":\\""PowerMeter\\"",\\""state\\"":{\\""powerConsumption\\"":15,\\""energyConsumption\\"":45}},{\\""id\\"":\\""PowerSwitch\\"",\\""state\\"":{\\""switchState\\"":\\""ON\\""}}],\\""room\\"":\\""Wohnzimmer\\""},{\\""type\\"":\\""RADIATOR_THERMOSTAT\\"",\\""name\\"":\\""Schlafzimmer-Thermostat\\"",\\""deviceID\\"":\\""hdm:HomeMaticIP:3014F711A0000055385A0CF4\\"",\\""state\\"":[{\\""id\\"":\\""ValveTappet\\"",\\""state\\"":{\\""valvePosition\\"":0}},{\\""id\\"":\\""Thermostat\\"",\\""state\\"":{\\""childLock\\"":\\""OFF\\""}},{\\""id\\"":\\""TemperatureLevel\\"",\\""state\\"":{\\""temperature\\"":19.0}}],\\""room\\"":\\""Schlafzimmer\\""},{\\""type\\"":\\""ROOM_CLIMATE_CONTROL\\"",\\""name\\"":\\""Raumklimakontrolle-Schlafzimmer\\"",\\""deviceID\\"":\\""roomClimateControl_schlafzimmer_1\\"",\\""state\\"":[{\\""id\\"":\\""RoomClimateControl\\"",\\""state\\"":{\\""operationMode\\"":\\""AUTOMATIC\\"",\\""setpointTemperature\\"":18.0}},{\\""id\\"":\\""TemperatureLevel\\"",\\""state\\"":{\\""temperature\\"":19.0}}],\\""room\\"":\\""Schlafzimmer\\""},{\\""type\\"":\\""POWER_METER_SWITCH\\"",\\""name\\"":\\""Schlafzimmer-Ventilator\\"",\\""deviceID\\"":\\""hdm:HomeMaticIP:3014F711A000049878593473\\"",\\""state\\"":[{\\""id\\"":\\""PowerMeter\\"",\\""state\\"":{\\""powerConsumption\\"":30,\\""energyConsumption\\"":100}},{\\""id\\"":\\""PowerSwitch\\"",\\""state\\"":{\\""switchState\\"":\\""OFF\\""}}],\\""room\\"":\\""Schlafzimmer\\""}]\""}, {\""role\"": \""user\"", \""content\"": \""What devices are in the Küche?\""}]""";"Ich kann weder den Raum """"Küche"""" finden noch irgendwelche Geräte in diesem Raum.";None
"""[{\""role\"": \""user\"", \""content\"": \""[{\\""type\\"":\\""RADIATOR_THERMOSTAT\\"",\\""name\\"":\\""Küchenthermostat\\"",\\""deviceID\\"":\\""hdm:HomeMaticIP:3014F711A0000055385A0CF5\\"",\\""state\\"":[{\\""id\\"":\\""ValveTappet\\"",\\""state\\"":{\\""valvePosition\\"":20}},{\\""id\\"":\\""Thermostat\\"",\\""state\\"":{\\""childLock\\"":\\""OFF\\""}},{\\""id\\"":\\""TemperatureLevel\\"",\\""state\\"":{\\""temperature\\"":22.0}}],\\""room\\"":\\""Küche\\""},{\\""type\\"":\\""ROOM_CLIMATE_CONTROL\\"",\\""name\\"":\\""Raumklimakontrolle-Küche\\"",\\""deviceID\\"":\\""roomClimateControl_kueche_1\\"",\\""state\\"":[{\\""id\\"":\\""RoomClimateControl\\"",\\""state\\"":{\\""operationMode\\"":\\""AUTOMATIC\\"",\\""setpointTemperature\\"":20.0}},{\\""id\\"":\\""TemperatureLevel\\"",\\""state\\"":{\\""temperature\\"":22.0}}],\\""room\\"":\\""Küche\\""},{\\""type\\"":\\""POWER_METER_SWITCH\\"",\\""name\\"":\\""Kaffeemaschine\\"",\\""deviceID\\"":\\""hdm:HomeMaticIP:3014F711A000049878593474\\"",\\""state\\"":[{\\""id\\"":\\""PowerMeter\\"",\\""state\\"":{\\""powerConsumption\\"":60,\\""energyConsumption\\"":120}},{\\""id\\"":\\""PowerSwitch\\"",\\""state\\"":{\\""switchState\\"":\\""OFF\\""}}],\\""room\\"":\\""Küche\\""},{\\""type\\"":\\""SHUTTER_CONTACT\\"",\\""name\\"":\\""Garagentor-Kontakt\\"",\\""deviceID\\"":\\""hdm:HomeMaticIP:3014F711A000009A1858FA5G\\"",\\""state\\"":[{\\""id\\"":\\""ShutterContact\\"",\\""state\\"":{\\""contactState\\"":\\""OPEN\\""}}],\\""room\\"":\\""Garage\\""}]\""}, {\""role\"": \""user\"", \""content\"": \""What devices are in the Küche?\""}]""";Die Geräte in der Küche sind der Küchenthermostat und die Kaffeemaschine.;None
"""[{\""role\"": \""user\"", \""content\"": \""[{\\""type\\"":\\""POWER_METER_SWITCH\\"",\\""name\\"":\\""Wohnzimmerlampe\\"",\\""deviceID\\"":\\""hdm:HomeMaticIP:3014F711A000049878593472\\"",\\""state\\"":[{\\""id\\"":\\""PowerMeter\\"",\\""state\\"":{\\""powerConsumption\\"":15,\\""energyConsumption\\"":45}},{\\""id\\"":\\""PowerSwitch\\"",\\""state\\"":{\\""switchState\\"":\\""ON\\""}}],\\""room\\"":\\""Wohnzimmer\\""}]\""}, {\""role\"": \""user\"", \""content\"": \""What is the current power consumption of the Wohnzimmerlampe?\""}]""";The current power consumption of the Wohnzimmerlampe is 15 watts.;None
"""[{\""role\"": \""user\"", \""content\"": \""[{\\""type\\"":\\""POWER_METER_SWITCH\\"",\\""name\\"":\\""Wohnzimmerlampe\\"",\\""deviceID\\"":\\""hdm:HomeMaticIP:3014F711A000049878593472\\"",\\""state\\"":[{\\""id\\"":\\""PowerMeter\\"",\\""state\\"":{\\""powerConsumption\\"":15,\\""energyConsumption\\"":45}},{\\""id\\"":\\""PowerSwitch\\"",\\""state\\"":{\\""switchState\\"":\\""ON\\""}}],\\""room\\"":\\""Wohnzimmer\\""}]\""}, {\""role\"": \""user\"", \""content\"": \""How much energy has the Wohnzimmerlampe consumed?\""}]""";The Wohnzimmerlampe has consumed 45 kWh of energy.;None
"""[{\""role\"": \""user\"", \""content\"": \""[{\\""type\\"":\\""POWER_METER_SWITCH\\"",\\""name\\"":\\""Wohnzimmerlampe\\"",\\""deviceID\\"":\\""hdm:HomeMaticIP:3014F711A000049878593472\\"",\\""state\\"":[{\\""id\\"":\\""PowerMeter\\"",\\""state\\"":{\\""powerConsumption\\"":15,\\""energyConsumption\\"":45}},{\\""id\\"":\\""PowerSwitch\\"",\\""state\\"":{\\""switchState\\"":\\""ON\\""}}],\\""room\\"":\\""Wohnzimmer\\""}]\""}, {\""role\"": \""user\"", \""content\"": \""Was ist der aktuelle Stromverbrauch der Wohnzimmerlampe?\""}]""";Der aktuelle Stromverbrauch der Wohnzimmerlampe beträgt 15 Watt.;None
"""[{\""role\"": \""user\"", \""content\"": \""[{\\""type\\"":\\""POWER_METER_SWITCH\\"",\\""name\\"":\\""Wohnzimmerlampe\\"",\\""deviceID\\"":\\""hdm:HomeMaticIP:3014F711A000049878593472\\"",\\""state\\"":[{\\""id\\"":\\""PowerMeter\\"",\\""state\\"":{\\""powerConsumption\\"":15,\\""energyConsumption\\"":45}},{\\""id\\"":\\""PowerSwitch\\"",\\""state\\"":{\\""switchState\\"":\\""ON\\""}}],\\""room\\"":\\""Wohnzimmer\\""}]\""}, {\""role\"": \""user\"", \""content\"": \""Wie viel Energie hat die Wohnzimmerlampe verbraucht?\""}]""";Die Wohnzimmerlampe hat 45 kWh Energie verbraucht.;None
"""[{\""role\"":\""user\"",\""content\"":\""[{\\""type\\"":\\""RADIATOR_THERMOSTAT\\"",\\""name\\"":\\""Bedroom Thermostat\\"",\\""deviceID\\"":\\""hdm:HomeMaticIP:3014F711A0000055385A0CF7\\"",\\""state\\"":[{\\""id\\"":\\""ValveTappet\\"",\\""state\\"":{\\""valvePosition\\"":0}},{\\""id\\"":\\""Thermostat\\"",\\""state\\"":{\\""childLock\\"":\\""OFF\\""}},{\\""id\\"":\\""TemperatureLevel\\"",\\""state\\"":{\\""temperature\\"":21.0}}],\\""room\\"":\\""Bedroom\\""}]\""},{\""role\"":\""user\"",\""content\"":\""Is the child lock on for the Bedroom Thermostat?\""}]""";No, the child lock is currently off for the Bedroom Thermostat.;None
"""[{\""role\"":\""user\"",\""content\"":\""[{\\""type\\"":\\""RADIATOR_THERMOSTAT\\"",\\""name\\"":\\""Bedroom Thermostat\\"",\\""deviceID\\"":\\""hdm:HomeMaticIP:3014F711A0000055385A0CF7\\"",\\""state\\"":[{\\""id\\"":\\""ValveTappet\\"",\\""state\\"":{\\""valvePosition\\"":0}},{\\""id\\"":\\""Thermostat\\"",\\""state\\"":{\\""childLock\\"":\\""ON\\""}},{\\""id\\"":\\""TemperatureLevel\\"",\\""state\\"":{\\""temperature\\"":21.0}}],\\""room\\"":\\""Bedroom\\""}]\""},{\""role\"":\""user\"",\""content\"":\""Is the child lock on for the Bedroom Thermostat?\""}]""";Yes, the child lock is currently on for the Bedroom Thermostat.;None
"""[{\""role\"": \""user\"", \""content\"": \""[{\\""type\\"":\\""RADIATOR_THERMOSTAT\\"",\\""name\\"":\\""Küchenthermostat\\"",\\""deviceID\\"":\\""hdm:HomeMaticIP:3014F711A0000055385A0CF5\\"",\\""state\\"":[{\\""id\\"":\\""ValveTappet\\"",\\""state\\"":{\\""valvePosition\\"":20}},{\\""id\\"":\\""Thermostat\\"",\\""state\\"":{\\""childLock\\"":\\""OFF\\""}},{\\""id\\"":\\""TemperatureLevel\\"",\\""state\\"":{\\""temperature\\"":22.0}}],\\""room\\"":\\""Küche\\""},{\\""type\\"":\\""ROOM_CLIMATE_CONTROL\\"",\\""name\\"":\\""Raumklimakontrolle-Küche\\"",\\""deviceID\\"":\\""roomClimateControl_kueche_1\\"",\\""state\\"":[{\\""id\\"":\\""RoomClimateControl\\"",\\""state\\"":{\\""operationMode\\"":\\""AUTOMATIC\\"",\\""setpointTemperature\\"":20.0}},{\\""id\\"":\\""TemperatureLevel\\"",\\""state\\"":{\\""temperature\\"":22.0}}],\\""room\\"":\\""Küche\\""},{\\""type\\"":\\""POWER_METER_SWITCH\\"",\\""name\\"":\\""Kaffeemaschine\\"",\\""deviceID\\"":\\""hdm:HomeMaticIP:3014F711A000049878593474\\"",\\""state\\"":[{\\""id\\"":\\""PowerMeter\\"",\\""state\\"":{\\""powerConsumption\\"":60,\\""energyConsumption\\"":120}},{\\""id\\"":\\""PowerSwitch\\"",\\""state\\"":{\\""switchState\\"":\\""OFF\\""}}],\\""room\\"":\\""Küche\\""},{\\""type\\"":\\""SHUTTER_CONTACT\\"",\\""name\\"":\\""Garagentor-Kontakt\\"",\\""deviceID\\"":\\""hdm:HomeMaticIP:3014F711A000009A1858FA5G\\"",\\""state\\"":[{\\""id\\"":\\""ShutterContact\\"",\\""state\\"":{\\""contactState\\"":\\""OPEN\\""}}],\\""room\\"":\\""Garage\\""}]\"" }, { \""role\"": \""user\"", \""content\"": \""Can you show me the status of all my devices?\""}]""";Sure, here is the status of all your devices: Küchenthermostat (Küche) Valve Position: 20% Child Lock: OFF Temperature: 22.0°C Raumklimakontrolle-Küche (Küche) Operation Mode: AUTOMATIC Setpoint Temperature: 20.0°C Temperature: 22.0°C Kaffeemaschine (Küche) Power Consumption: 60W Energy Consumption: 120 kWh Switch State: OFF Garagentor-Kontakt (Garage) Contact State: OPEN;None
"""[{\""role\"":\""user\"",\""content\"":\""[{\\""type\\"":\\""RADIATOR_THERMOSTAT\\"",\\""name\\"":\\""Bedroom Thermostat\\"",\\""deviceID\\"":\\""hdm:HomeMaticIP:3014F711A0000055385A0CF7\\"",\\""state\\"":[{\\""id\\"":\\""ValveTappet\\"",\\""state\\"":{\\""valvePosition\\"":0}},{\\""id\\"":\\""Thermostat\\"",\\""state\\"":{\\""childLock\\"":\\""OFF\\""}},{\\""id\\"":\\""TemperatureLevel\\"",\\""state\\"":{\\""temperature\\"":21.0}}],\\""room\\"":\\""Bedroom\\""}]\""},{\""role\"":\""user\"",\""content\"":\""Ist die Kindersicherung für den Schlafzimmerthermostat eingeschaltet?\""}]""";Nein, die Kindersicherung ist derzeit für den Schlafzimmerthermostat ausgeschaltet.;None
"""[{\""role\"":\""user\"",\""content\"":\""[{\\""type\\"":\\""RADIATOR_THERMOSTAT\\"",\\""name\\"":\\""Bedroom Thermostat\\"",\\""deviceID\\"":\\""hdm:HomeMaticIP:3014F711A0000055385A0CF7\\"",\\""state\\"":[{\\""id\\"":\\""ValveTappet\\"",\\""state\\"":{\\""valvePosition\\"":0}},{\\""id\\"":\\""Thermostat\\"",\\""state\\"":{\\""childLock\\"":\\""ON\\""}},{\\""id\\"":\\""TemperatureLevel\\"",\\""state\\"":{\\""temperature\\"":21.0}}],\\""room\\"":\\""Bedroom\\""}]\""},{\""role\"":\""user\"",\""content\"":\""Ist die Kindersicherung für den Schlafzimmerthermostat eingeschaltet?\""}]""";Ja, die Kindersicherung ist derzeit für den Schlafzimmerthermostat eingeschaltet.;None
"""[{\""role\"":\""user\"",\""content\"":\""[{\\""type\\"":\\""RADIATOR_THERMOSTAT\\"",\\""name\\"":\\""Küchenthermostat\\"",\\""deviceID\\"":\\""hdm:HomeMaticIP:3014F711A0000055385A0CF5\\"",\\""state\\"":[{\\""id\\"":\\""ValveTappet\\"",\\""state\\"":{\\""valvePosition\\"":20}},{\\""id\\"":\\""Thermostat\\"",\\""state\\"":{\\""childLock\\"":\\""OFF\\""}},{\\""id\\"":\\""TemperatureLevel\\"",\\""state\\"":{\\""temperature\\"":22.0}}],\\""room\\"":\\""Küche\\""},{\\""type\\"":\\""ROOM_CLIMATE_CONTROL\\"",\\""name\\"":\\""Raumklimakontrolle-Küche\\"",\\""deviceID\\"":\\""roomClimateControl_kueche_1\\"",\\""state\\"":[{\\""id\\"":\\""RoomClimateControl\\"",\\""state\\"":{\\""operationMode\\"":\\""AUTOMATIC\\"",\\""setpointTemperature\\"":20.0}},{\\""id\\"":\\""TemperatureLevel\\"",\\""state\\"":{\\""temperature\\"":22.0}}],\\""room\\"":\\""Küche\\""},{\\""type\\"":\\""POWER_METER_SWITCH\\"",\\""name\\"":\\""Kaffeemaschine\\"",\\""deviceID\\"":\\""hdm:HomeMaticIP:3014F711A000049878593474\\"",\\""state\\"":[{\\""id\\"":\\""PowerMeter\\"",\\""state\\"":{\\""powerConsumption\\"":60,\\""energyConsumption\\"":120}},{\\""id\\"":\\""PowerSwitch\\"",\\""state\\"":{\\""switchState\\"":\\""OFF\\""}}],\\""room\\"":\\""Küche\\""},{\\""type\\"":\\""SHUTTER_CONTACT\\"",\\""name\\"":\\""Garagentor-Kontakt\\"",\\""deviceID\\"":\\""hdm:HomeMaticIP:3014F711A000009A1858FA5G\\"",\\""state\\"":[{\\""id\\"":\\""ShutterContact\\"",\\""state\\"":{\\""contactState\\"":\\""OPEN\\""}}],\\""room\\"":\\""Garage\\""}]\""},{\""role\"":\""user\"",\""content\"":\""Können Sie mir den Status aller meiner Geräte anzeigen?\""}]""";Ja, hier ist der Status aller Ihrer Geräte: Küchenthermostat (Küche) Ventilposition: 20% Kindersicherung: Aus Temperatur: 22,0°C Raumklimakontrolle-Küche (Küche) Betriebsmodus: AUTOMATISCH Solltemperatur: 20,0°C Temperatur: 22,0°C Kaffeemaschine (Küche) Leistungsaufnahme: 60W Energieverbrauch: 120 kWh Schalterzustand: Aus Garagentor-Kontakt (Garage) Kontaktzustand: Offen;None
"""[{\""role\"":\""user\"",\""content\"":\""[{\\""type\\"":\\""POWER_METER_SWITCH\\"",\\""name\\"":\\""Küchensteckdose\\"",\\""deviceID\\"":\\""hdm:HomeMaticIP:3014F711A000049878593471\\"",\\""state\\"":[{\\""id\\"":\\""PowerMeter\\"",\\""state\\"":{\\""powerConsumption\\"":5,\\""energyConsumption\\"":20}},{\\""id\\"":\\""PowerSwitch\\"",\\""state\\"":{\\""switchState\\"":\\""ON\\""}}],\\""room\\"":\\""Küche\\""}]\""},{\""role\"":\""user\"",\""content\"":\""Are all the lamps turned off in the kitchen?\""}]""";Sorry, I couldn't find any lamps in your home.;None
"""[{\""role\"": \""user\"", \""content\"": \""[{\""type\"":\""SHUTTER_CONTACT\"",\""name\"":\""Terrassentürkontakt\"",\""deviceID\"":\""hdm:HomeMaticIP:3014F711A000009A1858FA5F\"",\""state\"":[{\""id\"":\""ShutterContact\"",\""state\"":{\""contactState\"":\""CLOSED\""}}],\""room\"":\""Wohnzimmer\""},{\""type\"":\""POWER_METER_SWITCH\"",\""name\"":\""Wohnzimmerlampe\"",\""deviceID\"":\""hdm:HomeMaticIP:3014F711A000049878593472\"",\""state\"":[{\""id\"":\""PowerMeter\"",\""state\"":{\""powerConsumption\"":15,\""energyConsumption\"":45}},{\""id\"":\""PowerSwitch\"",\""state\"":{\""switchState\"":\""ON\""}}],\""room\"":\""Wohnzimmer\""},{\""type\"":\""RADIATOR_THERMOSTAT\"",\""name\"":\""Schlafzimmer-Thermostat\"",\""deviceID\"":\""hdm:HomeMaticIP:3014F711A0000055385A0CF4\"",\""state\"":[{\""id\"":\""ValveTappet\"",\""state\"":{\""valvePosition\"":0}},{\""id\"":\""Thermostat\"",\""state\"":{\""childLock\"":\""OFF\""}},{\""id\"":\""TemperatureLevel\"",\""state\"":{\""temperature\"":19}}],\""room\"":\""Schlafzimmer\""},{\""type\"":\""ROOM_CLIMATE_CONTROL\"",\""name\"":\""Raumklimakontrolle-Schlafzimmer\"",\""deviceID\"":\""roomClimateControl_schlafzimmer_1\"",\""state\"":[{\""id\"":\""RoomClimateControl\"",\""state\"":{\""operationMode\"":\""AUTOMATIC\"",\""setpointTemperature\"":18}},{\""id\"":\""TemperatureLevel\"",\""state\"":{\""temperature\"":19}}],\""room\"":\""Schlafzimmer\""},{\""type\"":\""POWER_METER_SWITCH\"",\""name\"":\""Schlafzimmer-Ventilator\"",\""deviceID\"":\""hdm:HomeMaticIP:3014F711A000049878593473\"",\""state\"":[{\""id\"":\""PowerMeter\"",\""state\"":{\""powerConsumption\"":30,\""energyConsumption\"":100}},{\""id\"":\""PowerSwitch\"",\""state\"":{\""switchState\"":\""OFF\""}}],\""room\"":\""Schlafzimmer\""}]\""}, {\""role\"": \""user\"", \""content\"": \""Are all the lamps turned off in the Wohnzimmer?\""}]""";No, the Wohnzimmerlampe is currently turned on.;None
"""[{\""role\"": \""user\"", \""content\"": \""[{\""type\"":\""SHUTTER_CONTACT\"",\""name\"":\""Terrassentürkontakt\"",\""deviceID\"":\""hdm:HomeMaticIP:3014F711A000009A1858FA5F\"",\""state\"":[{\""id\"":\""ShutterContact\"",\""state\"":{\""contactState\"":\""CLOSED\""}}],\""room\"":\""Wohnzimmer\""},{\""type\"":\""POWER_METER_SWITCH\"",\""name\"":\""Wohnzimmerlampe\"",\""deviceID\"":\""hdm:HomeMaticIP:3014F711A000049878593472\"",\""state\"":[{\""id\"":\""PowerMeter\"",\""state\"":{\""powerConsumption\"":15,\""energyConsumption\"":45}},{\""id\"":\""PowerSwitch\"",\""state\"":{\""switchState\"":\""ON\""}}],\""room\"":\""Wohnzimmer\""}]\""}, {\""role\"": \""user\"", \""content\"": \""Sind alle Lampen im Wohnzimmer ausgeschaltet?\""}]""";Nein, die Wohnzimmerlampe ist aktuell eingeschaltet.;None
"""[{\""role\"": \""user\"", \""content\"": \""[{\""type\"":\""POWER_METER_SWITCH\"",\""name\"":\""Living Room Lamp\"",\""deviceID\"":\""hdm:HomeMaticIP:3014F711A000049878593472\"",\""state\"":[{\""id\"":\""PowerMeter\"",\""state\"":{\""powerConsumption\"":15,\""energyConsumption\"":45}},{\""id\"":\""PowerSwitch\"",\""state\"":{\""switchState\"":\""ON\""}}],\""room\"":\""Living Room\""},{\""type\"":\""SHUTTER_CONTACT\"",\""name\"":\""Living Room Window Contact\"",\""deviceID\"":\""hdm:HomeMaticIP:3014F711A000009A1858FA5C\"",\""state\"":[{\""id\"":\""ShutterContact\"",\""state\"":{\""contactState\"":\""CLOSED\""}}],\""room\"":\""Living Room\""}]\""}, {\""role\"": \""user\"", \""content\"": \""Are all the lamps turned off in the Wohnzimmer?\""}]""";No, the Living Room Lamp is currently on.;None
"""[{\""role\"": \""user\"", \""content\"": \""[{\""type\"":\""POWER_METER_SWITCH\"",\""name\"":\""TV\"",\""deviceID\"":\""hdm:HomeMaticIP:3014F711A000049878593477\"",\""state\"":[{\""id\"":\""PowerMeter\"",\""state\"":{\""powerConsumption\"":50,\""energyConsumption\"":200}},{\""id\"":\""PowerSwitch\"",\""state\"":{\""switchState\"":\""ON\""}}],\""room\"":\""Living Room\""},{\""type\"":\""SHUTTER_CONTACT\"",\""name\"":\""Patio Door Contact\"",\""deviceID\"":\""hdm:HomeMaticIP:3014F711A000009A1858FA5I\"",\""state\"":[{\""id\"":\""ShutterContact\"",\""state\"":{\""contactState\"":\""OPEN\""}}],\""room\"":\""Living Room\""},{\""type\"":\""RADIATOR_THERMOSTAT\"",\""name\"":\""Bedroom Thermostat\"",\""deviceID\"":\""hdm:HomeMaticIP:3014F711A0000055385A0CF7\"",\""state\"":[{\""id\"":\""ValveTappet\"",\""state\"":{\""valvePosition\"":0}},{\""id\"":\""Thermostat\"",\""state\"":{\""childLock\"":\""OFF\""}},{\""id\"":\""TemperatureLevel\"",\""state\"":{\""temperature\"":21}}],\""room\"":\""Bedroom\""},{\""type\"":\""ROOM_CLIMATE_CONTROL\"",\""name\"":\""RoomClimateControl-Bedroom\"",\""deviceID\"":\""roomClimateControl_bedroom_1\"",\""state\"":[{\""id\"":\""RoomClimateControl\"",\""state\"":{\""operationMode\"":\""AUTOMATIC\"",\""setpointTemperature\"":20}},{\""id\"":\""TemperatureLevel\"",\""state\"":{\""temperature\"":21}}],\""room\"":\""Bedroom\""}]\""},{\""role\"":\""user\"",\""content\"":\""Ist die Kaffeemaschine aus oder an?\""}]""";Es ist keine Kaffeemaschine in deiner Geräteliste.; None
"""[{\""role\"": \""user\"", \""content\"": \""[{\""type\"":\""POWER_METER_SWITCH\"",\""name\"":\""TV\"",\""deviceID\"":\""hdm:HomeMaticIP:3014F711A000049878593477\"",\""state\"":[{\""id\"":\""PowerMeter\"",\""state\"":{\""powerConsumption\"":50,\""energyConsumption\"":200}},{\""id\"":\""PowerSwitch\"",\""state\"":{\""switchState\"":\""ON\""}}],\""room\"":\""Living Room\""},{\""type\"":\""SHUTTER_CONTACT\"",\""name\"":\""Patio Door Contact\"",\""deviceID\"":\""hdm:HomeMaticIP:3014F711A000009A1858FA5I\"",\""state\"":[{\""id\"":\""ShutterContact\"",\""state\"":{\""contactState\"":\""OPEN\""}}],\""room\"":\""Living Room\""},{\""type\"":\""RADIATOR_THERMOSTAT\"",\""name\"":\""Bedroom Thermostat\"",\""deviceID\"":\""hdm:HomeMaticIP:3014F711A0000055385A0CF7\"",\""state\"":[{\""id\"":\""ValveTappet\"",\""state\"":{\""valvePosition\"":0}},{\""id\"":\""Thermostat\"",\""state\"":{\""childLock\"":\""OFF\""}},{\""id\"":\""TemperatureLevel\"",\""state\"":{\""temperature\"":21}}],\""room\"":\""Bedroom\""},{\""type\"":\""ROOM_CLIMATE_CONTROL\"",\""name\"":\""RoomClimateControl-Bedroom\"",\""deviceID\"":\""roomClimateControl_bedroom_1\"",\""state\"":[{\""id\"":\""RoomClimateControl\"",\""state\"":{\""operationMode\"":\""AUTOMATIC\"",\""setpointTemperature\"":20}},{\""id\"":\""TemperatureLevel\"",\""state\"":{\""temperature\"":21}}],\""room\"":\""Bedroom\""},{\""type\"":\""POWER_METER_SWITCH\"",\""name\"":\""Kaffeemaschine\"",\""deviceID\"":\""hdm:HomeMaticIP:3014F711A000049878593474\"",\""state\"":[{\""id\"":\""PowerMeter\"",\""state\"":{\""powerConsumption\"":60,\""energyConsumption\"":120}},{\""id\"":\""PowerSwitch\"",\""state\"":{\""switchState\"":\""OFF\""}}],\""room\"":\""Küche\""}]\""},{\""role\"":\""user\"",\""content\"":\""Ist die Kaffeemaschine aus oder an?\""}]""";Deine Kaffeemaschine ist ausgeschaltet.;None
"""[{\""role\"":\""user\"",\""content\"":\""[{\""type\"":\""POWER_METER_SWITCH\"",\""name\"":\""Bedroom Lamp\"",\""deviceID\"":\""hdm:HomeMaticIP:3014F711A000049878593470\"",\""state\"":[{\""id\"":\""PowerMeter\"",\""state\"":{\""powerConsumption\"":10,\""energyConsumption\"":50}},{\""id\"":\""PowerSwitch\"",\""state\"":{\""switchState\"":\""OFF\""}}],\""room\"":\""Bedroom\""}]\""},{\""role\"":\""user\"",\""content\"":\""Ist die Beleuchtung im Schlafzimmer noch eingeschaltet?\""}]""";Nein, die Beleuchtung im Schlafzimmer ist ausgeschaltet.;None
"""[{\""role\"":\""user\"",\""content\"":\""[{\""type\"":\""POWER_METER_SWITCH\"",\""name\"":\""Bedroom Smart Plug 1\"",\""deviceID\"":\""hdm:HomeMaticIP:3014F711A000049878593469\"",\""state\"":[{\""id\"":\""PowerMeter\"",\""state\"":{\""powerConsumption\"":0,\""energyConsumption\"":0}},{\""id\"":\""PowerSwitch\"",\""state\"":{\""switchState\"":\""OFF\""}}],\""room\"":\""Bedroom\""},{\""type\"":\""POWER_METER_SWITCH\"",\""name\"":\""Bedroom Smart Plug 2\"",\""deviceID\"":\""hdm:HomeMaticIP:3014F711A000049878593470\"",\""state\"":[{\""id\"":\""PowerMeter\"",\""state\"":{\""powerConsumption\"":10,\""energyConsumption\"":50}},{\""id\"":\""PowerSwitch\"",\""state\"":{\""switchState\"":\""ON\""}}],\""room\"":\""Bedroom\""}]\""},{\""role\"":\""user\"",\""content\"":\""Ist die Beleuchtung im Schlafzimmer noch eingeschaltet?\""}]""";Leider kann ich im Schlafzimmer keine Beleuchtung finden. Es gibt jedoch zwei Smartplugs im Schlafzimmer wobei der Bedroom Smart Plug 2 angeschaltet ist.;None
"""[{\""role\"":\""user\"",\""content\"":\""[{\""type\"":\""POWER_METER_SWITCH\"",\""name\"":\""TV\"",\""deviceID\"":\""hdm:HomeMaticIP:3014F711A000049878593477\"",\""state\"":[{\""id\"":\""PowerMeter\"",\""state\"":{\""powerConsumption\"":50,\""energyConsumption\"":200}},{\""id\"":\""PowerSwitch\"",\""state\"":{\""switchState\"":\""ON\""}}],\""room\"":\""Living Room\""}]\""},{\""role\"":\""user\"",\""content\"":\""Please tell me the status of the TV.\""}]""";The TV is currently on and consuming 50W of power.;None
"""[{\""role\"":\""user\"",\""content\"":\""[{\""type\"":\""POWER_METER_SWITCH\"",\""name\"":\""TV\"",\""deviceID\"":\""hdm:HomeMaticIP:3014F711A000049878593477\"",\""state\"":[{\""id\"":\""PowerMeter\"",\""state\"":{\""powerConsumption\"":50,\""energyConsumption\"":200}},{\""id\"":\""PowerSwitch\"",\""state\"":{\""switchState\"":\""ON\""}}],\""room\"":\""Living Room\""},{\""type\"":\""SHUTTER_CONTACT\"",\""name\"":\""Patio Door Contact\"",\""deviceID\"":\""hdm:HomeMaticIP:3014F711A000009A1858FA5I\"",\""state\"":[{\""id\"":\""ShutterContact\"",\""state\"":{\""contactState\"":\""OPEN\""}}],\""room\"":\""Living Room\""},{\""type\"":\""RADIATOR_THERMOSTAT\"",\""name\"":\""Bedroom Thermostat\"",\""deviceID\"":\""hdm:HomeMaticIP:3014F711A0000055385A0CF7\"",\""state\"":[{\""id\"":\""ValveTappet\"",\""state\"":{\""valvePosition\"":0}},{\""id\"":\""Thermostat\"",\""state\"":{\""childLock\"":\""OFF\""}},{\""id\"":\""TemperatureLevel\"",\""state\"":{\""temperature\"":21}}],\""room\"":\""Bedroom\""},{\""type\"":\""ROOM_CLIMATE_CONTROL\"",\""name\"":\""RoomClimateControl-Bedroom\"",\""deviceID\"":\""roomClimateControl_bedroom_1\"",\""state\"":[{\""id\"":\""RoomClimateControl\"",\""state\"":{\""operationMode\"":\""AUTOMATIC\"",\""setpointTemperature\"":20}},{\""id\"":\""TemperatureLevel\"",\""state\"":{\""temperature\"":21}}],\""room\"":\""Bedroom\""},{\""type\"":\""POWER_METER_SWITCH\"",\""name\"":\""Fan\"",\""deviceID\"":\""hdm:HomeMaticIP:3014F711A000049878593478\"",\""state\"":[{\""id\"":\""PowerMeter\"",\""state\"":{\""powerConsumption\"":20,\""energyConsumption\"":60}},{\""id\"":\""PowerSwitch\"",\""state\"":{\""switchState\"":\""OFF\""}}],\""room\"":\""Bedroom\""}]\""},{\""role\"":\""user\"",\""content\"":\""Please tell me the status of the TV.\""}]""";The TV is currently on and consuming 50W of power.;None
"""[{\""role\"":\""user\"",\""content\"":\""[{\""type\"":\""POWER_METER_SWITCH\"",\""name\"":\""Office Desk Lamp\"",\""deviceID\"":\""hdm:HomeMaticIP:3014F711A000049878593475\"",\""state\"":[{\""id\"":\""PowerMeter\"",\""state\"":{\""powerConsumption\"":10,\""energyConsumption\"":50}},{\""id\"":\""PowerSwitch\"",\""state\"":{\""switchState\"":\""ON\""}}],\""room\"":\""Office\""},{\""type\"":\""SHUTTER_CONTACT\"",\""name\"":\""Office Window Contact\"",\""deviceID\"":\""hdm:HomeMaticIP:3014F711A000009A1858FA5H\"",\""state\"":[{\""id\"":\""ShutterContact\"",\""state\"":{\""contactState\"":\""CLOSED\""}}],\""room\"":\""Office\""}]\""},{\""role\"":\""user\"",\""content\"":\""Is everything shut off?\""}]""";No, the Office Desk Lamp is currently on.;None
"""[{\""role\"":\""user\"",\""content\"":\""[{\""type\"":\""POWER_METER_SWITCH\"",\""name\"":\""Küchensteckdose\"",\""deviceID\"":\""hdm:HomeMaticIP:3014F711A000049878593471\"",\""state\"":[{\""id\"":\""PowerMeter\"",\""state\"":{\""powerConsumption\"":5,\""energyConsumption\"":20}},{\""id\"":\""PowerSwitch\"",\""state\"":{\""switchState\"":\""ON\""}}],\""room\"":\""Küche\""},{\""type\"":\""SHUTTER_CONTACT\"",\""name\"":\""Haustürkontakt\"",\""deviceID\"":\""hdm:HomeMaticIP:3014F711A000009A1858FA5E\"",\""state\"":[{\""id\"":\""ShutterContact\"",\""state\"":{\""contactState\"":\""OPEN\""}}],\""room\"":\""Eingangsbereich\""},{\""type\"":\""RADIATOR_THERMOSTAT\"",\""name\"":\""Büro-Thermostat\"",\""deviceID\"":\""hdm:HomeMaticIP:3014F711A0000055385A0CF3\"",\""state\"":[{\""id\"":\""ValveTappet\"",\""state\"":{\""valvePosition\"":10}},{\""id\"":\""Thermostat\"",\""state\"":{\""childLock\"":\""OFF\""}},{\""id\"":\""TemperatureLevel\"",\""state\"":{\""temperature\"":23}}],\""room\"":\""Büro\""},{\""type\"":\""ROOM_CLIMATE_CONTROL\"",\""name\"":\""Raumklimakontrolle-Büro\"",\""deviceID\"":\""roomClimateControl_buero_1\"",\""state\"":[{\""id\"":\""RoomClimateControl\"",\""state\"":{\""operationMode\"":\""AUTOMATIC\"",\""setpointTemperature\"":21}},{\""id\"":\""TemperatureLevel\"",\""state\"":{\""temperature\"":23}}],\""room\"":\""Büro\""}]\""},{\""role\"":\""user\"",\""content\"":\""Welche Geräte sind gerade in Gebrauch?\""}]""";Die Küchensteckdose ist eingeschaltet.;None
"""[{\""role\"":\""user\"",\""content\"":\""[{\""type\"":\""POWER_METER_SWITCH\"",\""name\"":\""Küchensteckdose\"",\""deviceID\"":\""hdm:HomeMaticIP:3014F711A000049878593471\"",\""state\"":[{\""id\"":\""PowerMeter\"",\""state\"":{\""powerConsumption\"":5,\""energyConsumption\"":20}},{\""id\"":\""PowerSwitch\"",\""state\"":{\""switchState\"":\""ON\""}}],\""room\"":\""Küche\""},{\""type\"":\""SHUTTER_CONTACT\"",\""name\"":\""Haustürkontakt\"",\""deviceID\"":\""hdm:HomeMaticIP:3014F711A000009A1858FA5E\"",\""state\"":[{\""id\"":\""ShutterContact\"",\""state\"":{\""contactState\"":\""OPEN\""}}],\""room\"":\""Eingangsbereich\""},{\""type\"":\""RADIATOR_THERMOSTAT\"",\""name\"":\""Büro-Thermostat\"",\""deviceID\"":\""hdm:HomeMaticIP:3014F711A0000055385A0CF3\"",\""state\"":[{\""id\"":\""ValveTappet\"",\""state\"":{\""valvePosition\"":10}},{\""id\"":\""Thermostat\"",\""state\"":{\""childLock\"":\""OFF\""}},{\""id\"":\""TemperatureLevel\"",\""state\"":{\""temperature\"":23}}],\""room\"":\""Büro\""},{\""type\"":\""ROOM_CLIMATE_CONTROL\"",\""name\"":\""Raumklimakontrolle-Büro\"",\""deviceID\"":\""roomClimateControl_buero_1\"",\""state\"":[{\""id\"":\""RoomClimateControl\"",\""state\"":{\""operationMode\"":\""AUTOMATIC\"",\""setpointTemperature\"":21}},{\""id\"":\""TemperatureLevel\"",\""state\"":{\""temperature\"":23}}],\""room\"":\""Büro\""}]\""},{\""role\"":\""user\"",\""content\"":\""Which devices are in use?\""}]""";The Küchensteckdose is currently used.;None
"""[{\""role\"":\""user\"",\""content\"":\""[{\""type\"":\""POWER_METER_SWITCH\"",\""name\"":\""TV\"",\""deviceID\"":\""hdm:HomeMaticIP:3014F711A000049878593477\"",\""state\"":[{\""id\"":\""PowerMeter\"",\""state\"":{\""powerConsumption\"":50,\""energyConsumption\"":200}},{\""id\"":\""PowerSwitch\"",\""state\"":{\""switchState\"":\""ON\""}}],\""room\"":\""Living Room\""},{\""type\"":\""POWER_METER_SWITCH\"",\""name\"":\""Living Room Lamp\"",\""deviceID\"":\""hdm:HomeMaticIP:3014F711A000049878593472\"",\""state\"":[{\""id\"":\""PowerMeter\"",\""state\"":{\""powerConsumption\"":15,\""energyConsumption\"":45}},{\""id\"":\""PowerSwitch\"",\""state\"":{\""switchState\"":\""ON\""}}],\""room\"":\""Living Room\""}]\""},{\""role\"":\""user\"",\""content\"":\""Welche Geräte verbrauchen aktuell Strom?\""}]""";Der TV und die Living Room Lamp verbrauchen aktuell Strom.;None
"""[{\""role\"":\""user\"",\""content\"":\""[{\""type\"":\""POWER_METER_SWITCH\"",\""name\"":\""TV\"",\""deviceID\"":\""hdm:HomeMaticIP:3014F711A000049878593477\"",\""state\"":[{\""id\"":\""PowerMeter\"",\""state\"":{\""powerConsumption\"":50,\""energyConsumption\"":200}},{\""id\"":\""PowerSwitch\"",\""state\"":{\""switchState\"":\""ON\""}}],\""room\"":\""Living Room\""},{\""type\"":\""POWER_METER_SWITCH\"",\""name\"":\""Living Room Lamp\"",\""deviceID\"":\""hdm:HomeMaticIP:3014F711A000049878593472\"",\""state\"":[{\""id\"":\""PowerMeter\"",\""state\"":{\""powerConsumption\"":15,\""energyConsumption\"":45}},{\""id\"":\""PowerSwitch\"",\""state\"":{\""switchState\"":\""ON\""}}],\""room\"":\""Living Room\""}]\""},{\""role\"":\""user\"",\""content\"":\""Which devices currently consume electricity?\""}]""";The TV and Living Room Lamp are currently consuming electricity.;None
"""[{\""role\"":\""user\"",\""content\"":\""[{\""type\"":\""POWER_METER_SWITCH\"",\""name\"":\""Kitchen Plug\"",\""deviceID\"":\""hdm:HomeMaticIP:3014F711A000049878593471\"",\""state\"":[{\""id\"":\""PowerMeter\"",\""state\"":{\""powerConsumption\"":5,\""energyConsumption\"":20}},{\""id\"":\""PowerSwitch\"",\""state\"":{\""switchState\"":\""ON\""}}],\""room\"":\""Kitchen\""},{\""type\"":\""POWER_METER_SWITCH\"",\""name\"":\""Office Desk Lamp\"",\""deviceID\"":\""hdm:HomeMaticIP:3014F711A000049878593475\"",\""state\"":[{\""id\"":\""PowerMeter\"",\""state\"":{\""powerConsumption\"":10,\""energyConsumption\"":50}},{\""id\"":\""PowerSwitch\"",\""state\"":{\""switchState\"":\""ON\""}}],\""room\"":\""Office\""}]\""},{\""role\"":\""user\"",\""content\"":\""Ist etwas an?\""}]""";Ja, Kitchen Plug und Office Desk Lamp sind an.;None
"""[{\""role\"":\""user\"",\""content\"":\""[{\""type\"":\""POWER_METER_SWITCH\"",\""name\"":\""TV\"",\""deviceID\"":\""hdm:HomeMaticIP:3014F711A000049878593477\"",\""state\"":[{\""id\"":\""PowerMeter\"",\""state\"":{\""powerConsumption\"":50,\""energyConsumption\"":200}},{\""id\"":\""PowerSwitch\"",\""state\"":{\""switchState\"":\""ON\""}}],\""room\"":\""Living Room\""},{\""type\"":\""SHUTTER_CONTACT\"",\""name\"":\""Patio Door Contact\"",\""deviceID\"":\""hdm:HomeMaticIP:3014F711A000009A1858FA5I\"",\""state\"":[{\""id\"":\""ShutterContact\"",\""state\"":{\""contactState\"":\""OPEN\""}}],\""room\"":\""Living Room\""},{\""type\"":\""RADIATOR_THERMOSTAT\"",\""name\"":\""Bedroom Thermostat\"",\""deviceID\"":\""hdm:HomeMaticIP:3014F711A0000055385A0CF7\"",\""state\"":[{\""id\"":\""ValveTappet\"",\""state\"":{\""valvePosition\"":0}},{\""id\"":\""Thermostat\"",\""state\"":{\""childLock\"":\""OFF\""}},{\""id\"":\""TemperatureLevel\"",\""state\"":{\""temperature\"":21}}],\""room\"":\""Bedroom\""},{\""type\"":\""ROOM_CLIMATE_CONTROL\"",\""name\"":\""RoomClimateControl-Bedroom\"",\""deviceID\"":\""roomClimateControl_bedroom_1\"",\""state\"":[{\""id\"":\""RoomClimateControl\"",\""state\"":{\""operationMode\"":\""AUTOMATIC\"",\""setpointTemperature\"":20}},{\""id\"":\""TemperatureLevel\"",\""state\"":{\""temperature\"":21}}],\""room\"":\""Bedroom\""},{\""type\"":\""POWER_METER_SWITCH\"",\""name\"":\""Fan\"",\""deviceID\"":\""hdm:HomeMaticIP:3014F711A000049878593478\"",\""state\"":[{\""id\"":\""PowerMeter\"",\""state\"":{\""powerConsumption\"":20,\""energyConsumption\"":60}},{\""id\"":\""PowerSwitch\"",\""state\"":{\""switchState\"":\""OFF\""}}],\""room\"":\""Bedroom\""}]\""},{\""role\"":\""user\"",\""content\"":\""Are there any devices turned on right now?\""}]""";Yes, the TV is currently on.;None
"""[{\""role\"":\""user\"",\""content\"":\""[{\""type\"":\""POWER_METER_SWITCH\"",\""name\"":\""TV\"",\""deviceID\"":\""hdm:HomeMaticIP:3014F711A000049878593477\"",\""state\"":[{\""id\"":\""PowerMeter\"",\""state\"":{\""powerConsumption\"":50,\""energyConsumption\"":200}},{\""id\"":\""PowerSwitch\"",\""state\"":{\""switchState\"":\""OFF\""}}],\""room\"":\""Living Room\""},{\""type\"":\""SHUTTER_CONTACT\"",\""name\"":\""Patio Door Contact\"",\""deviceID\"":\""hdm:HomeMaticIP:3014F711A000009A1858FA5I\"",\""state\"":[{\""id\"":\""ShutterContact\"",\""state\"":{\""contactState\"":\""OPEN\""}}],\""room\"":\""Living Room\""},{\""type\"":\""RADIATOR_THERMOSTAT\"",\""name\"":\""Bedroom Thermostat\"",\""deviceID\"":\""hdm:HomeMaticIP:3014F711A0000055385A0CF7\"",\""state\"":[{\""id\"":\""ValveTappet\"",\""state\"":{\""valvePosition\"":0}},{\""id\"":\""Thermostat\"",\""state\"":{\""childLock\"":\""OFF\""}},{\""id\"":\""TemperatureLevel\"",\""state\"":{\""temperature\"":21}}],\""room\"":\""Bedroom\""},{\""type\"":\""ROOM_CLIMATE_CONTROL\"",\""name\"":\""RoomClimateControl-Bedroom\"",\""deviceID\"":\""roomClimateControl_bedroom_1\"",\""state\"":[{\""id\"":\""RoomClimateControl\"",\""state\"":{\""operationMode\"":\""AUTOMATIC\"",\""setpointTemperature\"":20}},{\""id\"":\""TemperatureLevel\"",\""state\"":{\""temperature\"":21}}],\""room\"":\""Bedroom\""},{\""type\"":\""POWER_METER_SWITCH\"",\""name\"":\""Fan\"",\""deviceID\"":\""hdm:HomeMaticIP:3014F711A000049878593478\"",\""state\"":[{\""id\"":\""PowerMeter\"",\""state\"":{\""powerConsumption\"":20,\""energyConsumption\"":60}},{\""id\"":\""PowerSwitch\"",\""state\"":{\""switchState\"":\""OFF\""}}],\""room\"":\""Bedroom\""}]\""},{\""role\"":\""user\"",\""content\"":\""Are there any devices turned on right now?\""}]""";No, there are no devices currently turned on.;None
"""[{\""role\"":\""user\"",\""content\"":\""[{\""type\"":\""POWER_METER_SWITCH\"",\""name\"":\""Bathroom Heater\"",\""deviceID\"":\""hdm:HomeMaticIP:3014F711A000049878593476\"",\""state\"":[{\""id\"":\""PowerMeter\"",\""state\"":{\""powerConsumption\"":100,\""energyConsumption\"":300}},{\""id\"":\""PowerSwitch\"",\""state\"":{\""switchState\"":\""ON\""}}],\""room\"":\""Bathroom\""}]\""},{\""role\"":\""user\"",\""content\"":\""Welche Glühbirnen sind aktuell aktiv?\""}]""";There are no active light bulbs. The only active device is the Bathroom Heater.;None
"""[{\""role\"":\""user\"",\""content\"":\""[{\""type\"":\""ROOM_CLIMATE_CONTROL\"",\""name\"":\""RoomClimateControl-Living Room\"",\""deviceID\"":\""roomClimateControl_lr_1\"",\""state\"":[{\""id\"":\""RoomClimateControl\"",\""state\"":{\""operationMode\"":\""AUTOMATIC\"",\""setpointTemperature\"":20}},{\""id\"":\""TemperatureLevel\"",\""state\"":{\""temperature\"":22}}],\""room\"":\""Living Room\""}]\""},{\""role\"":\""user\"",\""content\"":\""Ist die Steckdose im Wohnzimmer eingeschaltet und das Thermostat auf heizen gestellt?\""}]""";Die Steckdose im Wohnzimmer ist nicht in der Geräteliste enthalten. Das Thermostat ist auf Automatik gestellt mit einer Zieltemperatur von 20 Grad.;None
"""[{\""role\"":\""user\"",\""content\"":\""[{\""type\"":\""ROOM_CLIMATE_CONTROL\"",\""name\"":\""RoomClimateControl-Living Room\"",\""deviceID\"":\""roomClimateControl_lr_1\"",\""state\"":[{\""id\"":\""RoomClimateControl\"",\""state\"":{\""operationMode\"":\""AUTOMATIC\"",\""setpointTemperature\"":20}},{\""id\"":\""TemperatureLevel\"",\""state\"":{\""temperature\"":22}}],\""room\"":\""Living Room\""}]\""},{\""role\"":\""user\"",\""content\"":\""Is the socket in the living room turned on and the thermostat set to heating?\""}]""";The socket in the living room is not included in the device list. The thermostat is set to automatic with a target temperature of 20 degrees.;None
"""[{\""role\"":\""user\"",\""content\"":\""[{\""type\"":\""RADIATOR_THERMOSTAT\"",\""name\"":\""Schlafzimmer-Thermostat\"",\""deviceID\"":\""hdm:HomeMaticIP:3014F711A0000055385A0CF4\"",\""state\"":[{\""id\"":\""ValveTappet\"",\""state\"":{\""valvePosition\"":0}},{\""id\"":\""Thermostat\"",\""state\"":{\""childLock\"":\""OFF\""}},{\""id\"":\""TemperatureLevel\"",\""state\"":{\""temperature\"":19.0}}],\""room\"":\""Schlafzimmer\""},{\""type\"":\""RADIATOR_THERMOSTAT\"",\""name\"":\""Wohnzimmer-Thermostat\"",\""deviceID\"":\""hdm:HomeMaticIP:3014F711A0000055385A0CF5\"",\""state\"":[{\""id\"":\""ValveTappet\"",\""state\"":{\""valvePosition\"":0}},{\""id\"":\""Thermostat\"",\""state\"":{\""childLock\"":\""OFF\""}},{\""id\"":\""TemperatureLevel\"",\""state\"":{\""temperature\"":22.0}}],\""room\"":\""Wohnzimmer\""},{\""type\"":\""RADIATOR_THERMOSTAT\"",\""name\"":\""Büro-Thermostat\"",\""deviceID\"":\""hdm:HomeMaticIP:3014F711A0000055385A0CF6\"",\""state\"":[{\""id\"":\""ValveTappet\"",\""state\"":{\""valvePosition\"":0}},{\""id\"":\""Thermostat\"",\""state\"":{\""childLock\"":\""OFF\""}},{\""id\"":\""TemperatureLevel\"",\""state\"":{\""temperature\"":21.0}}],\""room\"":\""Büro\""}]\""},{\""role\"":\""user\"",\""content\"":\""Wie ist die Temperatur im Wohnzimmer?\""}]""";Die Temperatur im Wohnzimmer beträgt 22 Grad.;None
"""[{\""role\"":\""user\"",\""content\"":\""[{\""type\"":\""RADIATOR_THERMOSTAT\"",\""name\"":\""Schlafzimmer-Thermostat\"",\""deviceID\"":\""hdm:HomeMaticIP:3014F711A0000055385A0CF4\"",\""state\"":[{\""id\"":\""ValveTappet\"",\""state\"":{\""valvePosition\"":0}},{\""id\"":\""Thermostat\"",\""state\"":{\""childLock\"":\""OFF\""}},{\""id\"":\""TemperatureLevel\"",\""state\"":{\""temperature\"":19.0}}],\""room\"":\""Schlafzimmer\""},{\""type\"":\""RADIATOR_THERMOSTAT\"",\""name\"":\""Wohnzimmer-Thermostat\"",\""deviceID\"":\""hdm:HomeMaticIP:3014F711A0000055385A0CF5\"",\""state\"":[{\""id\"":\""ValveTappet\"",\""state\"":{\""valvePosition\"":0}},{\""id\"":\""Thermostat\"",\""state\"":{\""childLock\"":\""OFF\""}},{\""id\"":\""TemperatureLevel\"",\""state\"":{\""temperature\"":22.0}}],\""room\"":\""Wohnzimmer\""},{\""type\"":\""RADIATOR_THERMOSTAT\"",\""name\"":\""Büro-Thermostat\"",\""deviceID\"":\""hdm:HomeMaticIP:3014F711A0000055385A0CF6\"",\""state\"":[{\""id\"":\""ValveTappet\"",\""state\"":{\""valvePosition\"":0}},{\""id\"":\""Thermostat\"",\""state\"":{\""childLock\"":\""OFF\""}},{\""id\"":\""TemperatureLevel\"",\""state\"":{\""temperature\"":21.0}}],\""room\"":\""Büro\""}]\""},{\""role\"":\""user\"",\""content\"":\""Wie ist die Temperatur in allen Zimmern im Durchschnitt?\""}]""";Die durchschnittliche Temperatur in allen Zimmern beträgt 21.5 Grad.;None
"""[{\""role\"":\""user\"",\""content\"":\""[{\""type\"":\""RADIATOR_THERMOSTAT\"",\""name\"":\""Schlafzimmer-Thermostat\"",\""deviceID\"":\""hdm:HomeMaticIP:3014F711A0000055385A0CF4\"",\""state\"":[{\""id\"":\""ValveTappet\"",\""state\"":{\""valvePosition\"":0}},{\""id\"":\""Thermostat\"",\""state\"":{\""childLock\"":\""OFF\""}},{\""id\"":\""TemperatureLevel\"",\""state\"":{\""temperature\"":19.0}}],\""room\"":\""Schlafzimmer\""},{\""type\"":\""RADIATOR_THERMOSTAT\"",\""name\"":\""Wohnzimmer-Thermostat\"",\""deviceID\"":\""hdm:HomeMaticIP:3014F711A0000055385A0CF5\"",\""state\"":[{\""id\"":\""ValveTappet\"",\""state\"":{\""valvePosition\"":0}},{\""id\"":\""Thermostat\"",\""state\"":{\""childLock\"":\""OFF\""}},{\""id\"":\""TemperatureLevel\"",\""state\"":{\""temperature\"":22.0}}],\""room\"":\""Wohnzimmer\""},{\""type\"":\""RADIATOR_THERMOSTAT\"",\""name\"":\""Büro-Thermostat\"",\""deviceID\"":\""hdm:HomeMaticIP:3014F711A0000055385A0CF6\"",\""state\"":[{\""id\"":\""ValveTappet\"",\""state\"":{\""valvePosition\"":0}},{\""id\"":\""Thermostat\"",\""state\"":{\""childLock\"":\""OFF\""}},{\""id\"":\""TemperatureLevel\"",\""state\"":{\""temperature\"":21.0}}],\""room\"":\""Büro\""}]\""},{\""role\"":\""user\"",\""content\"":\""How hot is it in there?\""}]""";The temperature in the rooms are: Schlafzimmer 19.0°C, Wohnzimmer 22.0°C, Büro 21.0°C.;None
"""[{\""role\"":\""user\"",\""content\"":\""[{\""type\"":\""RADIATOR_THERMOSTAT\"",\""name\"":\""Schlafzimmer-Thermostat\"",\""deviceID\"":\""hdm:HomeMaticIP:3014F711A0000055385A0CF4\"",\""state\"":[{\""id\"":\""ValveTappet\"",\""state\"":{\""valvePosition\"":0}},{\""id\"":\""Thermostat\"",\""state\"":{\""childLock\"":\""OFF\""}},{\""id\"":\""TemperatureLevel\"",\""state\"":{\""temperature\"":19.0}}],\""room\"":\""Schlafzimmer\""},{\""type\"":\""RADIATOR_THERMOSTAT\"",\""name\"":\""Wohnzimmer-Thermostat\"",\""deviceID\"":\""hdm:HomeMaticIP:3014F711A0000055385A0CF5\"",\""state\"":[{\""id\"":\""ValveTappet\"",\""state\"":{\""valvePosition\"":0}},{\""id\"":\""Thermostat\"",\""state\"":{\""childLock\"":\""OFF\""}},{\""id\"":\""TemperatureLevel\"",\""state\"":{\""temperature\"":22.0}}],\""room\"":\""Wohnzimmer\""},{\""type\"":\""RADIATOR_THERMOSTAT\"",\""name\"":\""Büro-Thermostat\"",\""deviceID\"":\""hdm:HomeMaticIP:3014F711A0000055385A0CF6\"",\""state\"":[{\""id\"":\""ValveTappet\"",\""state\"":{\""valvePosition\"":0}},{\""id\"":\""Thermostat\"",\""state\"":{\""childLock\"":\""OFF\""}},{\""id\"":\""TemperatureLevel\"",\""state\"":{\""temperature\"":21.0}}],\""room\"":\""Büro\""}]\""},{\""role\"":\""user\"",\""content\"":\""Wie viel Grad wird angezeigt?\""}]""";Die Temperaturen in den Räumen sind: Schlafzimmer 19.0°C, Wohnzimmer 22.0°C, Büro 21.0°C.;None
"""[{\""role\"":\""user\"",\""content\"":\""[{\""type\"":\""RADIATOR_THERMOSTAT\"",\""name\"":\""Schlafzimmer-Thermostat\"",\""deviceID\"":\""hdm:HomeMaticIP:3014F711A0000055385A0CF4\"",\""state\"":[{\""id\"":\""ValveTappet\"",\""state\"":{\""valvePosition\"":0}},{\""id\"":\""Thermostat\"",\""state\"":{\""childLock\"":\""OFF\""}},{\""id\"":\""TemperatureLevel\"",\""state\"":{\""temperature\"":19.0}}],\""room\"":\""Schlafzimmer\""}]\""},{\""role\"":\""user\"",\""content\"":\""Wie viel Grad hat es im Schlafzimmer?\""}]""";Die Temperatur im Schlafzimmer beträgt 19.0 Grad.;None
"""[{\""role\"":\""user\"",\""content\"":\""[{\""type\"":\""RADIATOR_THERMOSTAT\"",\""name\"":\""Schlafzimmer-Thermostat\"",\""deviceID\"":\""hdm:HomeMaticIP:3014F711A0000055385A0CF4\"",\""state\"":[{\""id\"":\""ValveTappet\"",\""state\"":{\""valvePosition\"":0}},{\""id\"":\""Thermostat\"",\""state\"":{\""childLock\"":\""OFF\""}},{\""id\"":\""TemperatureLevel\"",\""state\"":{\""temperature\"":19.0}}],\""room\"":\""Schlafzimmer\""},{\""type\"":\""RADIATOR_THERMOSTAT\"",\""name\"":\""Wohnzimmer-Thermostat\"",\""deviceID\"":\""hdm:HomeMaticIP:3014F711A0000055385A0CF5\"",\""state\"":[{\""id\"":\""ValveTappet\"",\""state\"":{\""valvePosition\"":0}},{\""id\"":\""Thermostat\"",\""state\"":{\""childLock\"":\""OFF\""}},{\""id\"":\""TemperatureLevel\"",\""state\"":{\""temperature\"":22.0}}],\""room\"":\""Wohnzimmer\""},{\""type\"":\""RADIATOR_THERMOSTAT\"",\""name\"":\""Büro-Thermostat\"",\""deviceID\"":\""hdm:HomeMaticIP:3014F711A0000055385A0CF6\"",\""state\"":[{\""id\"":\""ValveTappet\"",\""state\"":{\""valvePosition\"":0}},{\""id\"":\""Thermostat\"",\""state\"":{\""childLock\"":\""OFF\""}},{\""id\"":\""TemperatureLevel\"",\""state\"":{\""temperature\"":21.0}}],\""room\"":\""Büro\""}]\""},{\""role\"":\""user\"",\""content\"":\""Wie ist die Temperatur?\""}]""";Die Temperaturen in den Räumen sind: Schlafzimmer 19.0°C, Wohnzimmer 22.0°C, Büro 21.0°C.;None
"""[{\""role\"":\""user\"",\""content\"":\""[{\""type\"":\""RADIATOR_THERMOSTAT\"",\""name\"":\""Schlafzimmer-Thermostat\"",\""deviceID\"":\""hdm:HomeMaticIP:3014F711A0000055385A0CF4\"",\""state\"":[{\""id\"":\""ValveTappet\"",\""state\"":{\""valvePosition\"":0}},{\""id\"":\""Thermostat\"",\""state\"":{\""childLock\"":\""OFF\""}},{\""id\"":\""TemperatureLevel\"",\""state\"":{\""temperature\"":19.0}}],\""room\"":\""Schlafzimmer\""},{\""type\"":\""RADIATOR_THERMOSTAT\"",\""name\"":\""Wohnzimmer-Thermostat\"",\""deviceID\"":\""hdm:HomeMaticIP:3014F711A0000055385A0CF5\"",\""state\"":[{\""id\"":\""ValveTappet\"",\""state\"":{\""valvePosition\"":0}},{\""id\"":\""Thermostat\"",\""state\"":{\""childLock\"":\""OFF\""}},{\""id\"":\""TemperatureLevel\"",\""state\"":{\""temperature\"":22.0}}],\""room\"":\""Wohnzimmer\""},{\""type\"":\""RADIATOR_THERMOSTAT\"",\""name\"":\""Büro-Thermostat\"",\""deviceID\"":\""hdm:HomeMaticIP:3014F711A0000055385A0CF6\"",\""state\"":[{\""id\"":\""ValveTappet\"",\""state\"":{\""valvePosition\"":0}},{\""id\"":\""Thermostat\"",\""state\"":{\""childLock\"":\""OFF\""}},{\""id\"":\""TemperatureLevel\"",\""state\"":{\""temperature\"":21.0}}],\""room\"":\""Büro\""}]\""},{\""role\"":\""user\"",\""content\"":\""Wie ist die Temperatur?\""}]""";Die Temperaturen in den Räumen sind: Schlafzimmer 19.0°C, Wohnzimmer 22.0°C, Büro 21.0°C.;None
"""[{\""role\"":\""user\"",\""content\"":\""[{\""type\"":\""RADIATOR_THERMOSTAT\"",\""name\"":\""Schlafzimmer-Thermostat\"",\""deviceID\"":\""hdm:HomeMaticIP:3014F711A0000055385A0CF4\"",\""state\"":[{\""id\"":\""ValveTappet\"",\""state\"":{\""valvePosition\"":0}},{\""id\"":\""Thermostat\"",\""state\"":{\""childLock\"":\""OFF\""}},{\""id\"":\""TemperatureLevel\"",\""state\"":{\""temperature\"":19.0}}],\""room\"":\""Schlafzimmer\""},{\""type\"":\""RADIATOR_THERMOSTAT\"",\""name\"":\""Wohnzimmer-Thermostat\"",\""deviceID\"":\""hdm:HomeMaticIP:3014F711A0000055385A0CF5\"",\""state\"":[{\""id\"":\""ValveTappet\"",\""state\"":{\""valvePosition\"":0}},{\""id\"":\""Thermostat\"",\""state\"":{\""childLock\"":\""OFF\""}},{\""id\"":\""TemperatureLevel\"",\""state\"":{\""temperature\"":22.0}}],\""room\"":\""Wohnzimmer\""},{\""type\"":\""RADIATOR_THERMOSTAT\"",\""name\"":\""Büro-Thermostat\"",\""deviceID\"":\""hdm:HomeMaticIP:3014F711A0000055385A0CF6\"",\""state\"":[{\""id\"":\""ValveTappet\"",\""state\"":{\""valvePosition\"":0}},{\""id\"":\""Thermostat\"",\""state\"":{\""childLock\"":\""OFF\""}},{\""id\"":\""TemperatureLevel\"",\""state\"":{\""temperature\"":21.0}}],\""room\"":\""Büro\""}]\""},{\""role\"":\""user\"",\""content\"":\""What is the current temperature?\""}]""";The temperatures in the rooms are: Schlafzimmer 19.0°C, Wohnzimmer 22.0°C, Büro 21.0°C.;None
"""[{\""role\"":\""user\"",\""content\"":\""[{\""type\"":\""RADIATOR_THERMOSTAT\"",\""name\"":\""Living Room Thermostat 1\"",\""deviceID\"":\""hdm:HomeMaticIP:3014F711A0000055385A0CF1\"",\""state\"":[{\""id\"":\""ValveTappet\"",\""state\"":{\""valvePosition\"":0}},{\""id\"":\""Thermostat\"",\""state\"":{\""childLock\"":\""OFF\""}},{\""id\"":\""TemperatureLevel\"",\""state\"":{\""temperature\"":21.0}}],\""room\"":\""Living Room\""},{\""type\"":\""RADIATOR_THERMOSTAT\"",\""name\"":\""Living Room Thermostat 2\"",\""deviceID\"":\""hdm:HomeMaticIP:3014F711A0000055385A0CF2\"",\""state\"":[{\""id\"":\""ValveTappet\"",\""state\"":{\""valvePosition\"":0}},{\""id\"":\""Thermostat\"",\""state\"":{\""childLock\"":\""OFF\""}},{\""id\"":\""TemperatureLevel\"",\""state\"":{\""temperature\"":22.5}}],\""room\"":\""Living Room\""},{\""type\"":\""ROOM_CLIMATE_CONTROL\"",\""name\"":\""RoomClimateControl-Living Room\"",\""deviceID\"":\""roomClimateControl_lr_1\"",\""state\"":[{\""id\"":\""RoomClimateControl\"",\""state\"":{\""operationMode\"":\""AUTOMATIC\"",\""setpointTemperature\"":20.0}},{\""id\"":\""TemperatureLevel\"",\""state\"":{\""temperature\"":22.0}}],\""room\"":\""Living Room\""}]\""},{\""role\"":\""user\"",\""content\"":\""How hot is it in the kitchen?\""}]""";There are no temperature sensors in the kitchen.;None
"""[{\""role\"":\""user\"",\""content\"":\""[{\""type\"":\""RADIATOR_THERMOSTAT\"",\""name\"":\""Living Room Thermostat 1\"",\""deviceID\"":\""hdm:HomeMaticIP:3014F711A0000055385A0CF1\"",\""state\"":[{\""id\"":\""ValveTappet\"",\""state\"":{\""valvePosition\"":0}},{\""id\"":\""Thermostat\"",\""state\"":{\""childLock\"":\""OFF\""}},{\""id\"":\""TemperatureLevel\"",\""state\"":{\""temperature\"":21.0}}],\""room\"":\""Living Room\""},{\""type\"":\""RADIATOR_THERMOSTAT\"",\""name\"":\""Living Room Thermostat 2\"",\""deviceID\"":\""hdm:HomeMaticIP:3014F711A0000055385A0CF2\"",\""state\"":[{\""id\"":\""ValveTappet\"",\""state\"":{\""valvePosition\"":0}},{\""id\"":\""Thermostat\"",\""state\"":{\""childLock\"":\""OFF\""}},{\""id\"":\""TemperatureLevel\"",\""state\"":{\""temperature\"":22.5}}],\""room\"":\""Living Room\""},{\""type\"":\""ROOM_CLIMATE_CONTROL\"",\""name\"":\""RoomClimateControl-Living Room\"",\""deviceID\"":\""roomClimateControl_lr_1\"",\""state\"":[{\""id\"":\""RoomClimateControl\"",\""state\"":{\""operationMode\"":\""AUTOMATIC\"",\""setpointTemperature\"":20.0}},{\""id\"":\""TemperatureLevel\"",\""state\"":{\""temperature\"":22.0}}],\""room\"":\""Living Room\""}]\""},{\""role\"":\""user\"",\""content\"":\""Wie viel Grad hat es im Schlafzimmer?\""}]""";Es gibt keine Temperaturfühler im Schlafzimmer.;None
"""[{\""role\"":\""user\"",\""content\"":\""[{\""type\"":\""RADIATOR_THERMOSTAT\"",\""name\"":\""Küchenthermostat\"",\""deviceID\"":\""hdm:HomeMaticIP:3014F711A0000055385A0CF5\"",\""state\"":[{\""id\"":\""ValveTappet\"",\""state\"":{\""valvePosition\"":20}},{\""id\"":\""Thermostat\"",\""state\"":{\""childLock\"":\""OFF\""}},{\""id\"":\""TemperatureLevel\"",\""state\"":{\""temperature\"":22.0}}],\""room\"":\""Küche\""},{\""type\"":\""ROOM_CLIMATE_CONTROL\"",\""name\"":\""Raumklimakontrolle-Küche\"",\""deviceID\"":\""roomClimateControl_kueche_1\"",\""state\"":[{\""id\"":\""RoomClimateControl\"",\""state\"":{\""operationMode\"":\""AUTOMATIC\"",\""setpointTemperature\"":20.0}},{\""id\"":\""TemperatureLevel\"",\""state\"":{\""temperature\"":22.0}}],\""room\"":\""Küche\""},{\""type\"":\""POWER_METER_SWITCH\"",\""name\"":\""Kaffeemaschine\"",\""deviceID\"":\""hdm:HomeMaticIP:3014F711A000049878593474\"",\""state\"":[{\""id\"":\""PowerMeter\"",\""state\"":{\""powerConsumption\"":60,\""energyConsumption\"":120}},{\""id\"":\""PowerSwitch\"",\""state\"":{\""switchState\"":\""OFF\""}}],\""room\"":\""Küche\""},{\""type\"":\""SHUTTER_CONTACT\"",\""name\"":\""Garagentor-Kontakt\"",\""deviceID\"":\""hdm:HomeMaticIP:3014F711A000009A1858FA5G\"",\""state\"":[{\""id\"":\""ShutterContact\"",\""state\"":{\""contactState\"":\""OPEN\""}}],\""room\"":\""Garage\""}]\""},{\""role\"":\""user\"",\""content\"":\""Deactivate the coffee machine.\""}]""";The coffee machine is already deactivated.;"None"""
"""[{\""role\"":\""user\"",\""content\"":\""[{\""type\"":\""RADIATOR_THERMOSTAT\"",\""name\"":\""Küchenthermostat\"",\""deviceID\"":\""hdm:HomeMaticIP:3014F711A0000055385A0CF5\"",\""state\"":[{\""id\"":\""ValveTappet\"",\""state\"":{\""valvePosition\"":20}},{\""id\"":\""Thermostat\"",\""state\"":{\""childLock\"":\""OFF\""}},{\""id\"":\""TemperatureLevel\"",\""state\"":{\""temperature\"":22.0}}],\""room\"":\""Küche\""},{\""type\"":\""ROOM_CLIMATE_CONTROL\"",\""name\"":\""Raumklimakontrolle-Küche\"",\""deviceID\"":\""roomClimateControl_kueche_1\"",\""state\"":[{\""id\"":\""RoomClimateControl\"",\""state\"":{\""operationMode\"":\""AUTOMATIC\"",\""setpointTemperature\"":20.0}},{\""id\"":\""TemperatureLevel\"",\""state\"":{\""temperature\"":22.0}}],\""room\"":\""Küche\""},{\""type\"":\""POWER_METER_SWITCH\"",\""name\"":\""Kaffeemaschine\"",\""deviceID\"":\""hdm:HomeMaticIP:3014F711A000049878593474\"",\""state\"":[{\""id\"":\""PowerMeter\"",\""state\"":{\""powerConsumption\"":60,\""energyConsumption\"":120}},{\""id\"":\""PowerSwitch\"",\""state\"":{\""switchState\"":\""OFF\""}}],\""room\"":\""Küche\""},{\""type\"":\""SHUTTER_CONTACT\"",\""name\"":\""Garagentor-Kontakt\"",\""deviceID\"":\""hdm:HomeMaticIP:3014F711A000009A1858FA5G\"",\""state\"":[{\""id\"":\""ShutterContact\"",\""state\"":{\""contactState\"":\""OPEN\""}}],\""room\"":\""Garage\""}]\""},{\""role\"":\""user\"",\""content\"":\""Switch on the coffee maker on my office desk\""}]""";There is no coffee maker listed in your office.;"None"""
"""[{\""role\"":\""user\"",\""content\"":\""[{\""type\"":\""RADIATOR_THERMOSTAT\"",\""name\"":\""Küchenthermostat\"",\""deviceID\"":\""hdm:HomeMaticIP:3014F711A0000055385A0CF5\"",\""state\"":[{\""id\"":\""ValveTappet\"",\""state\"":{\""valvePosition\"":20}},{\""id\"":\""Thermostat\"",\""state\"":{\""childLock\"":\""OFF\""}},{\""id\"":\""TemperatureLevel\"",\""state\"":{\""temperature\"":22.0}}],\""room\"":\""Küche\""},{\""type\"":\""ROOM_CLIMATE_CONTROL\"",\""name\"":\""Raumklimakontrolle-Küche\"",\""deviceID\"":\""roomClimateControl_kueche_1\"",\""state\"":[{\""id\"":\""RoomClimateControl\"",\""state\"":{\""operationMode\"":\""AUTOMATIC\"",\""setpointTemperature\"":20.0}},{\""id\"":\""TemperatureLevel\"",\""state\"":{\""temperature\"":22.0}}],\""room\"":\""Küche\""},{\""type\"":\""POWER_METER_SWITCH\"",\""name\"":\""Kaffeemaschine\"",\""deviceID\"":\""hdm:HomeMaticIP:3014F711A000049878593474\"",\""state\"":[{\""id\"":\""PowerMeter\"",\""state\"":{\""powerConsumption\"":60,\""energyConsumption\"":120}},{\""id\"":\""PowerSwitch\"",\""state\"":{\""switchState\"":\""OFF\""}}],\""room\"":\""Küche\""},{\""type\"":\""SHUTTER_CONTACT\"",\""name\"":\""Garagentor-Kontakt\"",\""deviceID\"":\""hdm:HomeMaticIP:3014F711A000009A1858FA5G\"",\""state\"":[{\""id\"":\""ShutterContact\"",\""state\"":{\""contactState\"":\""OPEN\""}}],\""room\"":\""Garage\""}]\""},{\""role\"":\""user\"",\""content\"":\""Switch on the coffee maker on my office desk\""}]""";There is no coffee maker listed in your office.;"None"""
"""[{\""role\"":\""user\"",\""content\"":\""[{\""type\"":\""RADIATOR_THERMOSTAT\"",\""name\"":\""Küchenthermostat\"",\""deviceID\"":\""hdm:HomeMaticIP:3014F711A0000055385A0CF5\"",\""state\"":[{\""id\"":\""ValveTappet\"",\""state\"":{\""valvePosition\"":20}},{\""id\"":\""Thermostat\"",\""state\"":{\""childLock\"":\""OFF\""}},{\""id\"":\""TemperatureLevel\"",\""state\"":{\""temperature\"":22.0}}],\""room\"":\""Küche\""},{\""type\"":\""ROOM_CLIMATE_CONTROL\"",\""name\"":\""Raumklimakontrolle-Küche\"",\""deviceID\"":\""roomClimateControl_kueche_1\"",\""state\"":[{\""id\"":\""RoomClimateControl\"",\""state\"":{\""operationMode\"":\""AUTOMATIC\"",\""setpointTemperature\"":20.0}},{\""id\"":\""TemperatureLevel\"",\""state\"":{\""temperature\"":22.0}}],\""room\"":\""Küche\""},{\""type\"":\""POWER_METER_SWITCH\"",\""name\"":\""Kaffeemaschine\"",\""deviceID\"":\""hdm:HomeMaticIP:3014F711A000049878593474\"",\""state\"":[{\""id\"":\""PowerMeter\"",\""state\"":{\""powerConsumption\"":60,\""energyConsumption\"":120}},{\""id\"":\""PowerSwitch\"",\""state\"":{\""switchState\"":\""OFF\""}}],\""room\"":\""Küche\""},{\""type\"":\""SHUTTER_CONTACT\"",\""name\"":\""Garagentor-Kontakt\"",\""deviceID\"":\""hdm:HomeMaticIP:3014F711A000009A1858FA5G\"",\""state\"":[{\""id\"":\""ShutterContact\"",\""state\"":{\""contactState\"":\""OPEN\""}}],\""room\"":\""Garage\""}]\""},{\""role\"":\""user\"",\""content\"":\""Ändere Temperatur auf 16 Grad in der Küche\""}]""";The temperature in the Küche has been set to 16.0°C.;"{""action"":""change-temperature"",""deviceID"":""roomClimateControl_kueche_1"",""value"":""16.0""}"
"""[{\""role\"":\""user\"",\""content\"":\""[{\""type\"":\""RADIATOR_THERMOSTAT\"",\""name\"":\""Küchenthermostat\"",\""deviceID\"":\""hdm:HomeMaticIP:3014F711A0000055385A0CF5\"",\""state\"":[{\""id\"":\""ValveTappet\"",\""state\"":{\""valvePosition\"":20}},{\""id\"":\""Thermostat\"",\""state\"":{\""childLock\"":\""OFF\""}},{\""id\"":\""TemperatureLevel\"",\""state\"":{\""temperature\"":22.0}}],\""room\"":\""Küche\""},{\""type\"":\""ROOM_CLIMATE_CONTROL\"",\""name\"":\""Raumklimakontrolle-Küche\"",\""deviceID\"":\""roomClimateControl_kueche_1\"",\""state\"":[{\""id\"":\""RoomClimateControl\"",\""state\"":{\""operationMode\"":\""AUTOMATIC\"",\""setpointTemperature\"":20.0}},{\""id\"":\""TemperatureLevel\"",\""state\"":{\""temperature\"":22.0}}],\""room\"":\""Küche\""},{\""type\"":\""POWER_METER_SWITCH\"",\""name\"":\""Kaffeemaschine\"",\""deviceID\"":\""hdm:HomeMaticIP:3014F711A000049878593474\"",\""state\"":[{\""id\"":\""PowerMeter\"",\""state\"":{\""powerConsumption\"":60,\""energyConsumption\"":120}},{\""id\"":\""PowerSwitch\"",\""state\"":{\""switchState\"":\""OFF\""}}],\""room\"":\""Küche\""},{\""type\"":\""SHUTTER_CONTACT\"",\""name\"":\""Garagentor-Kontakt\"",\""deviceID\"":\""hdm:HomeMaticIP:3014F711A000009A1858FA5G\"",\""state\"":[{\""id\"":\""ShutterContact\"",\""state\"":{\""contactState\"":\""OPEN\""}}],\""room\"":\""Garage\""}]\""},{\""role\"":\""user\"",\""content\"":\""Erhöhe Temperatur um 2 Grad in der Küche\""}]""";The temperature in the Küche has been increased by 2.0°C to 24.0°C.;"{""action"":""change-temperature"",""deviceID"":""roomClimateControl_kueche_1"",""value"":""22.0""}"
"""[{\""role\"":\""user\"",\""content\"":\""[{\""type\"":\""RADIATOR_THERMOSTAT\"",\""name\"":\""Küchenthermostat\"",\""deviceID\"":\""hdm:HomeMaticIP:3014F711A0000055385A0CF5\"",\""state\"":[{\""id\"":\""ValveTappet\"",\""state\"":{\""valvePosition\"":20}},{\""id\"":\""Thermostat\"",\""state\"":{\""childLock\"":\""OFF\""}},{\""id\"":\""TemperatureLevel\"",\""state\"":{\""temperature\"":22.0}}],\""room\"":\""Küche\""},{\""type\"":\""ROOM_CLIMATE_CONTROL\"",\""name\"":\""Raumklimakontrolle-Küche\"",\""deviceID\"":\""roomClimateControl_kueche_1\"",\""state\"":[{\""id\"":\""RoomClimateControl\"",\""state\"":{\""operationMode\"":\""AUTOMATIC\"",\""setpointTemperature\"":20.0}},{\""id\"":\""TemperatureLevel\"",\""state\"":{\""temperature\"":22.0}}],\""room\"":\""Küche\""},{\""type\"":\""POWER_METER_SWITCH\"",\""name\"":\""Kaffeemaschine\"",\""deviceID\"":\""hdm:HomeMaticIP:3014F711A000049878593474\"",\""state\"":[{\""id\"":\""PowerMeter\"",\""state\"":{\""powerConsumption\"":60,\""energyConsumption\"":120}},{\""id\"":\""PowerSwitch\"",\""state\"":{\""switchState\"":\""OFF\""}}],\""room\"":\""Küche\""},{\""type\"":\""SHUTTER_CONTACT\"",\""name\"":\""Garagentor-Kontakt\"",\""deviceID\"":\""hdm:HomeMaticIP:3014F711A000009A1858FA5G\"",\""state\"":[{\""id\"":\""ShutterContact\"",\""state\"":{\""contactState\"":\""OPEN\""}}],\""room\"":\""Garage\""}]\""},{\""role\"":\""user\"",\""content\"":\""Verringere Temperatur um 2 Grad in der Küche\""}]""";The temperature in the Küche has been decreased by 2.0°C to 18.0°C.;"{""action"":""change-temperature"",""deviceID"":""roomClimateControl_kueche_1"",""value"":""18.0""}"
"""[{\""role\"":\""user\"",\""content\"":\""[{\""type\"":\""RADIATOR_THERMOSTAT\"",\""name\"":\""Küchenthermostat\"",\""deviceID\"":\""hdm:HomeMaticIP:3014F711A0000055385A0CF5\"",\""state\"":[{\""id\"":\""ValveTappet\"",\""state\"":{\""valvePosition\"":20}},{\""id\"":\""Thermostat\"",\""state\"":{\""childLock\"":\""OFF\""}},{\""id\"":\""TemperatureLevel\"",\""state\"":{\""temperature\"":22.0}}],\""room\"":\""Küche\""},{\""type\"":\""ROOM_CLIMATE_CONTROL\"",\""name\"":\""Raumklimakontrolle-Küche\"",\""deviceID\"":\""roomClimateControl_kueche_1\"",\""state\"":[{\""id\"":\""RoomClimateControl\"",\""state\"":{\""operationMode\"":\""AUTOMATIC\"",\""setpointTemperature\"":20.0}},{\""id\"":\""TemperatureLevel\"",\""state\"":{\""temperature\"":22.0}}],\""room\"":\""Küche\""},{\""type\"":\""POWER_METER_SWITCH\"",\""name\"":\""Kaffeemaschine\"",\""deviceID\"":\""hdm:HomeMaticIP:3014F711A000049878593474\"",\""state\"":[{\""id\"":\""PowerMeter\"",\""state\"":{\""powerConsumption\"":60,\""energyConsumption\"":120}},{\""id\"":\""PowerSwitch\"",\""state\"":{\""switchState\"":\""OFF\""}}],\""room\"":\""Küche\""},{\""type\"":\""SHUTTER_CONTACT\"",\""name\"":\""Garagentor-Kontakt\"",\""deviceID\"":\""hdm:HomeMaticIP:3014F711A000009A1858FA5G\"",\""state\"":[{\""id\"":\""ShutterContact\"",\""state\"":{\""contactState\"":\""OPEN\""}}],\""room\"":\""Garage\""}]\""},{\""role\"":\""user\"",\""content\"":\""Badezimmer auf 27 Grad aufheizen.\""}]""";There are no devices in the bathroom to control the temperature.;"None"""
"""[{\""role\"":\""user\"",\""content\"":\""[{\""type\"":\""RADIATOR_THERMOSTAT\"",\""name\"":\""Küchenthermostat\"",\""deviceID\"":\""hdm:HomeMaticIP:3014F711A0000055385A0CF5\"",\""state\"":[{\""id\"":\""ValveTappet\"",\""state\"":{\""valvePosition\"":20}},{\""id\"":\""Thermostat\"",\""state\"":{\""childLock\"":\""OFF\""}},{\""id\"":\""TemperatureLevel\"",\""state\"":{\""temperature\"":22.0}}],\""room\"":\""Küche\""},{\""type\"":\""ROOM_CLIMATE_CONTROL\"",\""name\"":\""Raumklimakontrolle-Küche\"",\""deviceID\"":\""roomClimateControl_kueche_1\"",\""state\"":[{\""id\"":\""RoomClimateControl\"",\""state\"":{\""operationMode\"":\""AUTOMATIC\"",\""setpointTemperature\"":20.0}},{\""id\"":\""TemperatureLevel\"",\""state\"":{\""temperature\"":22.0}}],\""room\"":\""Küche\""},{\""type\"":\""POWER_METER_SWITCH\"",\""name\"":\""Kaffeemaschine\"",\""deviceID\"":\""hdm:HomeMaticIP:3014F711A000049878593474\"",\""state\"":[{\""id\"":\""PowerMeter\"",\""state\"":{\""powerConsumption\"":60,\""energyConsumption\"":120}},{\""id\"":\""PowerSwitch\"",\""state\"":{\""switchState\"":\""OFF\""}}],\""room\"":\""Küche\""},{\""type\"":\""SHUTTER_CONTACT\"",\""name\"":\""Garagentor-Kontakt\"",\""deviceID\"":\""hdm:HomeMaticIP:3014F711A000009A1858FA5G\"",\""state\"":[{\""id\"":\""ShutterContact\"",\""state\"":{\""contactState\"":\""OPEN\""}}],\""room\"":\""Garage\""}]\""},{\""role\"":\""user\"",\""content\"":\""Schalte bitte meinen TV im Wohnzimmer aus\""}]""";There is no TV device listed in your living room.;"None"""
